id;gender;age;studyProgram;r1_gamifiedElement;r1_q_1;r1_q_2;r1_q_3;r1_q_4;r1_q_5;r1_q_6;r1_q_7;r1_q_8;r1_q_9;r1_q_10;r1_q_11;r1_q_12;r1_q_13;r1_q_14;r1_q_15;r1_q_16;r1_q_17;r1_q_18;r1_q_19;r1_q_20;r1_time_1;r1_time_2;r1_time_3;r1_time_4;r1_time_5;r1_time_6;r1_time_7;r1_time_8;r1_time_9;r1_time_10;r1_time_11;r1_time_12;r1_time_13;r1_time_14;r1_time_15;r1_time_16;r1_time_17;r1_time_18;r1_time_19;r1_time_20;r1_stai_1;r1_stai_2;r1_stai_3;r1_stai_4;r1_stai_5;r1_stai_6;r1_ngse_1;r1_ngse_2;r1_ngse_3;r1_ngse_4;r1_ngse_5;r1_ngse_6;r1_ngse_7;r1_ngse_8;r1_ngse_9;r1_ngse_10;r1_ngse_11;r1_ngse_12;r1_ngse_13;r1_ngse_14;r1_ngse_15;r1_ngse_16;r1_sims_1;r1_sims_2;r1_sims_3;r1_sims_4;r1_sims_5;r1_sims_6;r1_sims_7;r1_sims_8;r2_gamifiedElement;r2_q_1;r2_q_2;r2_q_3;r2_q_4;r2_q_5;r2_q_6;r2_q_7;r2_q_8;r2_q_9;r2_q_10;r2_q_11;r2_q_12;r2_q_13;r2_q_14;r2_q_15;r2_q_16;r2_q_17;r2_q_18;r2_q_19;r2_q_20;r2_time_1;r2_time_2;r2_time_3;r2_time_4;r2_time_5;r2_time_6;r2_time_7;r2_time_8;r2_time_9;r2_time_10;r2_time_11;r2_time_12;r2_time_13;r2_time_14;r2_time_15;r2_time_16;r2_time_17;r2_time_18;r2_time_19;r2_time_20;r2_stai_1;r2_stai_2;r2_stai_3;r2_stai_4;r2_stai_5;r2_stai_6;r2_ngse_1;r2_ngse_2;r2_ngse_3;r2_ngse_4;r2_ngse_5;r2_ngse_6;r2_ngse_7;r2_ngse_8;r2_ngse_9;r2_ngse_10;r2_ngse_11;r2_ngse_12;r2_ngse_13;r2_ngse_14;r2_ngse_15;r2_ngse_16;r2_sims_1;r2_sims_2;r2_sims_3;r2_sims_4;r2_sims_5;r2_sims_6;r2_sims_7;r2_sims_8;r3_gamifiedElement;r3_q_1;r3_q_2;r3_q_3;r3_q_4;r3_q_5;r3_q_6;r3_q_7;r3_q_8;r3_q_9;r3_q_10;r3_q_11;r3_q_12;r3_q_13;r3_q_14;r3_q_15;r3_q_16;r3_q_17;r3_q_18;r3_q_19;r3_q_20;r3_time_1;r3_time_2;r3_time_3;r3_time_4;r3_time_5;r3_time_6;r3_time_7;r3_time_8;r3_time_9;r3_time_10;r3_time_11;r3_time_12;r3_time_13;r3_time_14;r3_time_15;r3_time_16;r3_time_17;r3_time_18;r3_time_19;r3_time_20;r3_stai_1;r3_stai_2;r3_stai_3;r3_stai_4;r3_stai_5;r3_stai_6;r3_ngse_1;r3_ngse_2;r3_ngse_3;r3_ngse_4;r3_ngse_5;r3_ngse_6;r3_ngse_7;r3_ngse_8;r3_ngse_9;r3_ngse_10;r3_ngse_11;r3_ngse_12;r3_ngse_13;r3_ngse_14;r3_ngse_15;r3_ngse_16;r3_sims_1;r3_sims_2;r3_sims_3;r3_sims_4;r3_sims_5;r3_sims_6;r3_sims_7;r3_sims_8
1;female;21;Chemical- and Bio-Engineering B.Sc.;;true;true;true;true;true;true;true;true;true;true;true;true;true;true;true;true;true;true;false;true;22528;5804;3986;2453;3464;5670;4656;5721;4106;5514;8006;4624;7592;27192;31707;41912;25726;107591;106126;24672;3;2;1;2;4;1;4;4;4;4;4;4;4;4;3;1;5;6;3;2;4;2;4;7;1;5;4;2;3;4;pblan;true;true;true;true;true;true;true;true;true;true;true;true;true;true;true;false;true;false;true;true;5966;6000;3038;6624;3957;16125;5833;7080;7960;5722;12159;10310;11857;10573;9278;10254;9796;15841;54486;6483;2;2;1;2;2;1;4;4;4;4;4;4;4;4;1;1;4;6;2;2;1;3;1;7;1;7;2;1;2;5;p;true;true;true;true;true;true;true;true;true;true;true;true;true;true;true;true;true;false;false;true;4092;2037;3107;2209;2789;6617;6274;3528;2803;3787;4180;16676;6541;4706;7797;18398;6557;14920;58321;11469;1;2;2;2;2;1;4;4;4;4;4;4;4;4;1;1;6;7;1;1;5;7;1;7;1;7;1;1;6;6
2;male;21;Chemical- and Bio-Engineering B.Sc.;a;true;true;true;true;true;true;true;true;true;true;true;true;true;true;true;false;true;true;false;true;12704;7154;5148;3897;4984;5751;6101;6368;3996;6988;10720;4017;16072;31120;54699;25569;30090;59281;102524;33831;3;2;1;4;2;1;4;4;4;3;3;4;3;4;5;1;3;4;4;3;1;1;4;4;1;1;4;3;1;1;pbla;true;true;true;true;true;true;true;true;true;true;true;true;true;true;true;false;true;false;true;true;11558;4166;5416;3583;5701;6185;5070;8685;4015;6334;15606;9150;25102;30688;71687;22288;9311;23270;16835;48395;3;3;2;2;2;3;4;4;4;3;4;4;3;4;5;3;3;1;5;4;1;2;5;4;2;2;4;3;2;2;n;true;true;true;true;true;false;true;true;true;true;true;true;true;true;true;true;false;false;true;true;2494;2516;3615;4367;3669;12332;16584;9632;3104;7952;9783;15074;20704;17908;6625;35881;8626;41245;56742;6632;3;3;3;3;2;3;3;4;4;4;4;3;3;3;5;4;2;2;5;4;2;2;5;4;2;3;5;3;2;2
3;male;20;Mechanical Engineering B.Sc.;p;true;true;true;true;true;true;true;true;true;true;false;true;true;true;true;true;true;false;false;true;5854;3351;3454;2478;2386;8163;4981;6663;2564;2750;2749;3265;8687;19036;13639;9545;15349;14535;8536;6504;2;3;4;2;3;1;3;2;4;4;2;4;5;4;3;5;2;6;2;2;4;3;5;3;2;3;2;3;2;2;b;true;true;true;true;true;true;true;true;true;true;true;true;true;true;true;true;false;true;true;true;5127;3692;3302;4769;3868;14889;2315;6405;1451;4637;3554;6189;18853;6920;19823;17040;4086;14806;10216;7986;4;3;3;2;3;4;4;4;3;2;4;3;5;5;3;2;3;5;6;5;4;5;5;6;5;4;4;5;5;6;l;true;true;true;true;true;true;true;true;true;true;true;true;true;false;true;true;true;true;true;true;4920;2950;4286;1602;2254;13123;5969;7605;2069;3787;7219;16152;8485;9286;3997;7305;5438;7087;10436;5529;1;4;2;3;3;1;4;5;3;4;4;4;5;5;5;2;2;4;5;6;3;5;4;5;5;6;6;5;4;4
4;male;19;Mechanical Engineering B.Sc.;;true;true;true;true;true;false;true;false;true;false;false;true;false;false;false;true;true;true;true;false;11633;5869;3785;3971;3650;10678;4278;4688;6355;2881;2816;4795;6519;3617;5570;3383;6622;4535;4436;2068;3;3;2;3;3;2;4;3;4;4;4;4;3;3;4;1;1;2;5;4;1;5;4;4;4;2;3;4;4;4;a;true;true;true;true;true;true;true;false;false;false;true;true;false;false;false;false;false;false;false;true;2745;1834;4251;1630;2236;6404;2463;3084;1854;2331;1408;5435;5753;2854;2867;7204;4470;1966;9489;4182;3;3;1;3;3;2;5;5;4;4;4;4;3;4;5;4;3;2;4;1;2;2;3;4;1;2;4;4;4;2;l;true;true;false;true;true;false;false;true;true;true;true;false;false;false;false;false;false;false;false;false;1715;4468;3753;2132;2981;1533;1577;4686;5619;6955;3032;3450;4800;7856;1967;13558;3351;4303;8772;2134;1;4;4;2;1;1;5;5;5;4;4;4;3;4;3;2;2;2;4;4;1;1;5;3;1;5;3;2;2;4
5;female;19;Linguistics B.A.;pbla;true;true;false;true;true;true;true;false;true;true;false;true;true;true;false;true;true;false;false;false;15670;4646;73507;4049;3567;9169;5001;3569;3855;7126;4571;7024;14409;14112;8068;12820;9138;11558;18157;19225;2;3;3;2;2;1;4;3;4;4;4;3;2;4;6;4;7;1;4;5;2;2;6;7;1;2;4;5;3;1;pblan;true;true;true;true;true;true;true;true;true;true;true;true;true;true;true;false;true;false;true;false;5550;2521;7005;2284;4871;6624;2871;5407;3875;5091;5640;3724;17479;13107;21349;15808;13903;15291;7154;8621;3;2;2;3;2;1;4;4;4;4;4;4;2;4;6;6;2;1;6;6;1;1;6;7;1;2;6;5;1;1;n;true;true;true;true;true;true;true;true;true;true;true;true;true;true;true;false;false;false;true;true;3012;3389;3775;2274;2657;4222;4599;2752;2538;2822;10442;11169;8174;13176;4764;4090;8516;11356;9920;7889;3;2;1;3;2;1;4;4;4;4;4;4;2;4;6;5;2;1;5;6;1;1;7;7;1;1;7;6;1;1
6;male;21;Automotive Engineering B.Sc.;pblan;true;true;true;false;true;true;true;true;true;true;true;true;true;true;true;true;false;false;false;true;12819;7334;5032;4718;4559;7348;10845;22463;5021;5471;6653;4206;14081;30531;12456;21606;9737;15924;8782;24856;3;2;2;3;4;1;5;4;4;4;4;4;3;3;5;4;2;5;4;3;1;2;5;4;1;2;4;3;1;4;l;true;true;true;true;true;true;true;true;true;false;true;true;false;false;true;true;false;false;false;false;4422;2317;2495;7188;2938;4554;3014;4873;2852;3786;7536;4269;10800;16773;11855;9901;8354;10088;14396;3869;1;3;2;1;2;3;4;4;4;4;3;4;4;3;4;4;3;5;3;4;5;3;4;5;4;2;1;2;1;1;n;true;true;true;true;true;true;true;true;true;true;true;true;true;true;false;false;true;false;false;true;2031;1812;2744;2834;3284;8420;4978;7066;3337;5589;5449;11017;4586;12019;16301;13124;14561;35192;7816;9869;1;2;4;1;3;3;4;3;4;3;4;3;3;3;6;4;1;5;5;3;1;4;4;5;1;4;2;4;1;4
7;male;21;Business Administration B.A.;p;true;true;true;true;true;true;true;true;true;true;true;true;true;true;true;false;true;true;false;true;28845;3273;8188;2436;8023;9131;9464;16167;3600;2951;6737;3971;10505;13627;20580;16717;33327;48821;48813;44906;4;1;1;4;3;1;4;4;4;4;4;4;4;4;5;4;4;4;4;4;4;4;5;5;1;3;4;3;3;4;pbla;true;true;true;true;true;true;true;true;true;true;true;true;true;true;true;true;true;true;true;true;8878;2282;5821;3326;3120;13699;7971;15153;3752;5321;8221;6266;38415;17835;16102;36858;11750;24260;46481;16433;4;1;1;4;4;1;5;5;5;5;5;5;5;5;4;4;4;4;4;4;4;4;4;4;1;4;4;4;1;4;b;true;true;true;true;true;true;true;true;true;true;true;true;true;true;true;true;true;true;true;true;2185;2118;4003;1904;5623;9639;5117;9004;2384;4420;9317;32611;10114;24578;15256;21409;16138;38093;13001;11791;4;1;1;4;4;1;5;5;5;5;5;5;5;5;4;4;4;4;4;4;4;4;4;5;1;4;4;4;1;2
8;male;22;English Teaching Degree;;true;true;true;true;true;true;true;true;true;true;false;true;true;true;true;true;true;true;true;true;11812;3319;5154;3670;3556;6772;4219;7638;5371;3338;2914;4188;10056;27809;10840;11808;10014;13934;49032;18775;3;1;1;3;3;2;3;3;4;4;3;2;4;4;5;5;1;1;5;2;1;3;3;7;1;2;4;1;1;1;a;true;true;true;true;true;true;true;true;true;true;true;true;false;true;true;true;true;true;true;true;5368;2271;2585;1931;2722;8739;3064;6663;2938;5523;2936;5620;23327;15863;26946;15692;12240;9923;9470;49970;2;2;1;3;3;1;3;2;4;4;2;4;4;3;4;1;1;2;4;4;1;2;3;7;1;2;5;3;1;2;b;true;true;true;true;true;true;true;true;true;true;true;true;true;true;true;true;true;false;true;true;3237;3606;4188;2421;4200;6635;4970;3804;3170;3371;16269;15628;10687;13359;11522;5088;6002;30240;11532;25156;3;1;1;2;3;1;4;3;4;3;3;4;4;3;4;4;1;1;5;4;1;2;5;7;1;2;4;2;1;2
9;male;19;Engineering Cybernetics B.Sc.;a;true;true;true;true;true;true;true;true;true;true;true;true;true;false;true;false;true;true;false;true;11149;8220;5905;3540;4018;4540;4290;6504;2786;5624;9748;3549;14008;25238;23196;17158;13910;19073;23778;15610;4;1;1;2;3;1;4;4;3;4;3;5;4;3;4;5;3;6;4;2;2;3;3;6;1;2;4;1;1;4;n;true;true;true;true;true;true;true;true;true;true;true;true;true;true;true;false;true;true;true;true;6100;2705;3903;2988;3088;14144;5638;5822;5268;4889;3587;3961;15184;40532;17288;18642;6471;10025;11908;28209;3;1;1;3;2;1;4;4;3;4;4;4;4;3;3;3;3;7;3;2;1;1;2;5;2;1;2;1;2;1;;true;true;true;true;true;true;true;true;true;true;true;true;true;false;false;true;true;false;false;true;2968;1987;2921;2321;2855;5289;4656;2992;2305;2772;7255;13825;18320;11057;5552;7907;7406;11058;32826;6435;3;1;1;1;1;1;4;4;3;4;4;4;4;3;1;6;3;6;2;1;1;2;1;7;1;1;2;1;1;1
10;male;19;Environmental Engineering B.Sc.;pbla;true;true;true;true;true;true;true;false;true;true;true;true;true;true;false;true;false;true;false;true;7785;5666;5990;3461;2752;4406;5574;3495;3573;2980;4148;3095;8770;34296;22134;12342;12634;28341;8987;32986;4;2;1;2;2;3;2;3;4;4;4;5;2;4;6;1;3;5;5;2;5;5;6;6;1;5;2;1;1;2;a;true;true;true;true;true;true;true;true;true;true;true;true;false;true;true;true;true;false;true;true;5004;2269;3415;2504;2671;4868;2268;6538;2903;3304;3039;3819;14473;11987;20261;9819;5689;8541;9489;35878;2;3;1;2;2;1;4;3;4;2;4;4;2;4;5;2;3;6;4;1;4;4;5;4;1;6;3;1;1;2;p;true;true;true;true;true;true;true;true;true;true;true;true;true;false;true;true;true;true;true;true;6035;3186;3156;1420;2090;3485;2935;6523;2648;4142;8657;10727;6154;9820;5953;11925;12206;17056;23891;17259;2;3;1;2;2;1;4;3;4;2;4;4;2;4;3;2;5;6;5;1;3;6;5;4;1;5;5;1;3;3
11;male;23;Computer Science B.Sc.;l;true;true;true;true;true;true;true;true;true;true;true;true;true;true;false;true;true;false;true;false;10806;4322;4773;4256;4672;5450;4707;6106;3455;3223;5934;3058;13169;26113;10234;14275;11150;66087;17286;42745;2;3;1;1;2;2;5;5;4;4;4;4;4;4;1;6;7;1;5;6;5;1;6;6;1;2;6;4;2;2;p;true;true;true;true;true;true;true;true;true;true;true;true;true;true;true;false;true;false;true;true;4747;3217;2912;2418;3656;12715;3784;4397;2852;4123;8251;4156;49850;16022;23474;21374;9658;46130;17493;13110;4;1;2;2;3;1;5;4;4;4;4;5;4;4;4;6;1;2;4;6;2;1;5;5;1;1;4;6;1;2;b;true;true;true;true;true;true;true;true;true;true;true;true;true;false;true;true;true;false;true;true;8302;13125;3465;3429;2871;7307;6624;11859;2778;4556;6803;8336;11020;28223;8073;9684;6619;12787;18272;38829;3;1;1;3;3;1;5;4;4;4;4;4;4;4;4;6;2;2;5;6;2;2;5;4;1;4;2;6;2;4
18;male;21;Renewable Energy Engineering B.Sc.;n;true;true;true;true;true;true;true;true;true;true;true;true;true;true;false;false;true;false;false;false;7181;4766;3515;2850;4321;9508;5487;14614;4445;5981;10849;4769;12194;36211;33571;24822;15195;20291;3713;41992;3;4;1;2;1;1;5;5;5;5;5;5;5;5;4;1;7;7;5;3;3;5;6;1;1;7;1;1;2;2;pblan;true;true;true;true;true;true;true;true;true;true;true;true;false;true;true;false;true;false;true;false;8516;1426;7307;2956;3281;5631;6034;6762;3679;4163;4886;4112;5451;18803;40627;21437;14254;20958;14155;36339;3;4;2;1;1;1;5;5;5;5;5;5;5;5;4;4;4;4;4;4;4;1;7;1;1;7;3;1;1;1;pbla;true;true;true;true;true;true;true;true;true;true;true;true;true;true;false;true;false;false;false;true;4899;3751;7469;2489;2186;5023;4441;9021;3740;4101;8796;10968;16399;9300;8679;17300;10827;5257;2487;1044;1;2;2;1;1;1;5;5;5;5;5;5;5;5;3;1;1;1;1;1;1;1;5;1;1;1;4;4;4;4
19;male;20;Aerospace Engineering B.Sc.;p;true;true;true;true;true;true;true;false;true;true;false;true;true;true;true;true;false;false;false;true;9512;14567;7134;2287;5386;5988;3374;6518;5366;5705;9777;2629;25502;31942;19755;15413;26266;23256;50372;17499;4;2;1;3;3;1;5;5;4;5;5;5;4;5;5;7;2;4;3;3;1;5;4;7;1;1;3;3;6;6;a;true;true;true;true;true;false;true;true;true;true;true;true;true;true;true;true;true;true;true;false;3380;1980;3746;3263;3499;8967;4082;9718;4579;4699;2667;3317;16720;13063;13262;14551;11731;6246;6748;34505;4;2;1;4;4;1;5;5;5;5;4;5;4;5;4;2;1;4;4;2;1;4;4;7;1;4;3;1;1;4;l;true;true;true;true;true;true;true;true;true;true;true;true;true;true;true;true;true;false;true;true;10861;13201;4197;3545;2598;5406;3700;7182;2446;3425;6664;20716;9525;18937;7278;9784;9869;20130;14216;13603;4;2;1;4;4;1;5;5;5;5;5;5;4;5;4;1;1;4;4;2;1;4;4;7;1;2;3;1;1;4
20;female;23;Media Computer Science B.Sc.;;true;true;true;true;true;true;true;true;true;true;true;true;true;true;true;true;true;true;true;true;7633;3047;5100;2438;3809;4927;7077;8563;2528;3613;5913;2974;7185;7703;11733;7700;17021;20884;28025;21641;4;3;2;3;3;1;4;4;4;3;4;4;3;4;4;1;3;2;4;4;4;5;3;6;1;5;3;2;3;4;pbla;true;true;true;true;true;true;true;true;true;true;true;true;true;true;true;true;true;false;true;true;20026;3427;2250;1764;3980;7877;4633;4247;1834;4848;6733;5099;16804;9223;14153;20570;8498;6582;40010;11545;3;2;2;3;3;1;4;4;4;4;4;4;3;4;4;3;5;5;5;3;2;4;5;3;2;3;5;3;4;2;p;true;true;true;true;true;true;true;true;true;true;true;true;true;false;true;true;true;false;true;true;4916;2217;2698;1367;2249;5851;5627;3899;2949;3931;6582;12186;17076;12251;18562;37309;8436;29358;25586;7735;3;2;2;3;3;2;3;3;4;3;4;4;3;4;4;1;2;4;3;4;5;5;3;3;2;4;3;2;5;4
21;male;24;Automotive Engineering B.Sc.;l;true;true;true;true;true;true;true;false;true;true;false;true;true;true;true;false;true;true;false;false;14790;3850;5343;2664;4909;4619;7872;4630;3998;5482;3204;4483;12653;12233;33424;24589;15325;26872;62338;50495;2;2;1;3;3;1;4;4;4;4;3;4;4;3;5;3;1;4;5;5;2;4;5;5;1;1;5;3;2;2;b;true;true;true;true;true;true;true;true;true;true;true;true;true;true;true;true;true;false;true;false;10563;2615;2766;3717;4816;9438;7698;8602;3330;3546;2264;7423;13082;4952;20422;10319;12142;10981;29062;3037;2;2;1;3;2;1;4;4;4;4;3;4;4;4;5;4;4;2;4;4;1;4;5;5;1;1;4;4;1;2;n;true;true;true;true;true;true;true;true;true;true;true;true;true;true;true;true;true;false;true;true;3061;2662;6600;2951;3667;8528;6122;5065;2900;3768;3550;33871;11413;10198;10987;24371;5415;13249;24657;9593;2;2;1;3;3;1;4;4;4;4;4;4;4;3;4;3;3;3;4;3;3;4;4;4;1;4;3;3;1;1
22;male;24;Civil Engineering B.Sc.;a;true;true;true;true;true;true;true;true;true;true;true;true;true;false;true;false;false;true;true;false;4160;3466;5433;6316;8261;17933;24452;13065;6450;8384;15486;7829;24386;17712;46869;71003;9913;29955;26101;26639;4;1;1;4;3;3;5;4;4;4;4;4;4;5;3;1;1;3;4;3;1;1;2;7;1;1;2;1;1;5;l;true;true;true;true;true;true;true;false;true;true;true;true;true;false;true;true;false;true;false;false;11188;2566;3216;2540;2849;3746;3349;2796;2764;5097;3945;8514;17284;11094;9750;15237;6625;11783;11486;1368;4;4;3;4;3;3;4;4;4;4;4;4;4;4;2;2;1;4;2;1;1;1;2;5;1;1;2;1;1;1;pblan;true;true;true;true;true;true;false;true;true;true;true;false;true;true;false;true;true;false;false;true;6796;2847;13329;4475;5313;7014;7980;18192;5817;6282;4960;31891;10708;26107;9860;13499;22752;19970;12268;1553;4;3;2;4;4;1;4;4;4;4;4;4;4;4;2;1;1;2;1;1;1;1;3;1;1;1;1;1;1;1
23;male;21;Aerospace Engineering B.Sc.;p;true;true;true;true;true;true;true;true;true;true;true;true;true;true;true;false;true;true;true;false;22093;5936;8307;3337;4241;8394;8378;13399;4215;9952;9855;11843;18595;33353;20455;39101;30305;31079;48291;11089;4;1;1;4;4;1;5;5;5;5;5;5;4;5;6;6;1;1;5;7;1;1;5;7;1;1;5;7;1;1;;true;true;true;true;true;true;true;true;true;true;false;true;true;true;true;false;true;true;true;true;3079;1810;4260;2926;2694;13149;3164;5647;2533;3846;4209;5262;24985;38204;11779;16550;8116;9747;22032;16739;4;1;1;4;4;1;5;5;5;5;5;5;4;5;5;7;1;1;5;7;1;1;5;7;1;1;5;7;1;1;b;true;true;true;true;true;true;true;true;true;true;true;true;true;true;false;false;true;true;false;true;2970;2386;3680;4681;2314;8067;2821;3781;3251;3146;5642;22642;9748;22702;6065;23802;9005;26768;35208;12645;4;1;1;4;4;1;5;5;5;5;5;5;4;5;5;7;1;1;5;7;1;1;5;7;1;1;5;7;1;1
24;female;21;Software Engineering B.Sc.;b;true;true;true;true;true;true;true;true;true;true;true;true;true;true;true;true;true;true;false;false;9498;3764;7037;7925;7504;9558;7116;15736;3032;5835;13652;10890;20743;28871;48882;23686;24107;69741;36142;106044;1;3;4;1;1;1;4;3;4;4;4;4;3;4;7;6;3;5;4;3;3;5;7;4;2;4;5;3;4;4;a;true;true;true;true;true;true;true;true;true;true;true;true;false;true;true;true;true;true;true;true;2874;7990;3438;4083;3525;10070;2620;5253;2467;12175;7640;9009;41897;8153;21860;16458;11505;40443;31681;58488;2;1;1;2;4;1;5;4;4;4;4;4;4;4;6;4;2;5;5;5;5;4;6;6;2;4;6;6;2;4;;true;true;true;true;true;true;true;true;true;true;true;true;true;true;true;true;true;false;false;true;2037;1859;4751;2766;2572;5191;3986;5771;2236;5172;10147;56689;13338;11457;9889;48848;15034;12225;37716;9400;4;3;2;3;3;2;4;4;3;4;4;5;4;4;7;7;2;5;5;3;4;5;7;6;4;3;6;6;2;4
25;female;22;Civil Engineering B.A.;pblan;true;true;true;true;true;true;true;true;true;true;true;true;true;true;true;true;false;false;true;true;5949;4121;5601;3771;4803;6288;4237;7508;4191;6948;5347;6569;10318;25295;19831;39897;14010;13525;54861;15871;3;2;1;3;3;1;4;3;4;3;4;2;4;4;4;5;1;4;5;2;1;1;7;7;1;5;6;1;1;4;pbla;true;true;true;true;true;true;true;true;true;true;false;true;false;true;true;false;true;true;false;false;5933;2638;2338;1771;3938;5854;3664;4635;2939;3205;3587;12571;12417;10390;11090;10446;10506;24945;12268;41699;2;3;2;2;2;2;3;3;4;3;3;3;4;3;6;5;1;4;4;3;1;4;6;7;1;5;5;2;1;4;n;true;true;true;true;true;true;true;true;true;true;true;true;true;true;true;true;true;true;true;true;3297;1737;3670;1871;2572;4254;7387;4805;2516;2655;5436;9052;8842;9468;4901;18526;8989;4480;19612;6853;3;3;1;2;4;1;4;3;3;4;4;4;4;4;5;5;1;3;4;3;1;4;6;7;1;5;5;3;1;4
26;male;21;Aerospace Engineering B.Sc.;pbla;true;true;true;true;true;true;true;true;true;true;false;true;false;true;true;true;true;true;true;true;13798;3838;2975;2744;3894;7062;10984;9190;3590;4600;4280;6586;8557;13849;7462;7029;17904;21883;17927;16995;4;1;1;4;4;1;4;5;5;5;4;4;4;5;6;3;1;2;4;3;1;1;5;7;1;1;5;2;6;1;p;true;true;true;true;true;true;true;true;true;true;true;true;true;true;true;true;true;false;true;true;5493;3546;3448;3593;3206;10843;4298;4912;2814;3297;8290;4509;30684;6246;6910;16432;6343;34091;15313;9163;4;1;1;4;4;1;5;5;5;5;4;4;3;4;7;1;1;1;4;3;1;1;5;7;1;1;6;5;5;1;n;true;true;true;true;true;true;true;true;true;true;true;true;true;true;true;true;true;true;true;true;2806;1810;2778;2392;3281;4579;4494;5645;2747;2630;10491;15544;12064;12584;6865;10247;3975;18101;25771;9757;4;1;1;4;4;1;5;5;5;5;4;4;3;4;7;1;1;1;4;2;2;1;5;7;1;1;6;2;1;1
27;male;25;Civil Engineering B.A.;b;true;true;true;true;true;true;true;false;true;true;false;true;true;false;false;false;false;false;false;false;9421;4364;5067;4374;4417;6322;7217;9015;8814;17468;3882;12036;25679;20201;12650;27385;29472;43493;18802;40836;3;1;1;2;2;1;5;4;4;4;3;4;3;4;4;3;1;3;2;2;1;5;2;7;1;3;2;2;1;4;n;true;true;true;true;true;true;true;true;true;true;true;true;true;false;true;true;true;false;true;false;5098;11201;6679;3146;4197;6565;4299;9545;4799;6915;6300;7975;22170;13527;21566;28740;21349;19469;24786;4014;2;1;1;3;2;1;5;4;4;4;4;4;4;4;2;2;1;3;4;2;1;2;3;7;1;3;2;2;1;1;p;true;true;true;true;true;true;true;true;true;true;true;true;true;false;false;false;false;false;false;false;3227;2013;3592;2516;4492;9099;4848;27371;2724;5684;3911;20486;17967;28284;23698;26382;2812;3103;4912;1897;2;1;1;2;2;1;5;4;4;4;4;4;4;4;3;2;1;2;2;2;2;2;2;7;1;2;3;3;3;3
28;other;22;Computer Science M.Sc.;pblan;true;true;true;true;true;true;false;false;true;true;true;true;false;true;false;true;false;false;true;true;4292;3848;2965;2047;2865;4431;3832;3747;3598;4165;4549;2932;11333;18520;18235;19120;11783;15334;19637;14952;3;3;2;3;3;1;4;4;4;5;5;5;2;3;2;1;3;3;4;3;5;5;4;6;2;4;3;2;6;3;;true;true;true;true;true;true;true;true;true;true;false;true;true;false;false;true;true;false;false;true;3045;2382;1711;2065;3515;3381;2198;3264;3665;5982;2581;6433;7566;7599;8816;12634;7966;8816;5865;11133;3;3;2;1;3;1;4;4;4;5;5;4;2;3;3;4;6;3;3;3;5;5;2;7;2;2;3;2;6;4;l;true;true;true;true;true;true;true;true;true;true;false;false;true;false;true;true;true;true;true;true;3393;1546;2297;1728;2381;4997;5248;2348;4098;2180;5150;2315;5065;11516;3615;10868;5431;5465;8283;8633;2;2;1;3;4;1;4;4;4;5;5;5;2;3;2;2;5;3;2;2;5;4;2;7;1;2;3;2;6;4
29;male;22;Computer Science M.Sc.;;true;true;true;true;true;true;true;true;true;true;true;true;false;false;true;true;true;false;false;true;8535;3247;3949;2448;4096;7015;4765;9250;3064;4532;10101;3783;5313;24605;11101;14836;23121;29439;80741;22121;3;2;1;3;3;1;3;4;4;4;4;4;4;4;1;4;1;1;2;1;1;2;2;7;1;1;2;1;1;1;a;true;true;true;true;true;true;true;true;true;true;true;true;true;true;true;true;true;false;true;true;4074;2431;2481;2864;3547;11451;4232;6214;3665;3280;6098;3532;16154;11584;11133;25773;6280;23823;34091;75822;2;2;1;2;2;1;3;4;4;4;4;4;4;4;2;1;1;1;2;2;1;2;2;7;1;1;2;1;1;2;l;true;true;true;true;true;true;true;true;true;true;true;true;true;true;true;true;true;false;true;true;11844;1914;2631;1980;3532;5649;3382;8499;2547;3298;3865;25522;7033;25822;7014;9867;8750;8917;35491;10018;2;2;1;2;2;1;3;4;4;4;4;4;4;4;2;1;1;1;2;1;1;2;2;7;1;2;2;1;1;2
30;male;23;Computer Science B.Sc.;;true;true;true;true;true;true;true;false;true;true;true;true;true;true;true;false;true;true;false;true;8432;5983;5222;4472;3188;4630;3887;3816;6106;2784;8170;5603;12254;18078;11358;10563;14424;22957;26060;37861;2;3;1;2;2;1;3;3;4;3;4;3;3;3;2;6;1;1;4;2;2;4;4;7;1;4;3;2;1;5;pbla;true;true;true;true;true;true;true;true;true;true;true;true;true;true;true;true;true;true;true;true;8576;9857;3016;4472;4190;9924;5789;8831;4372;4965;6973;3770;9383;11140;10142;24677;6404;20253;12741;14354;4;2;1;3;3;1;3;4;4;4;4;4;3;3;3;4;1;3;3;3;1;3;4;7;1;5;3;2;1;4;pblan;true;true;true;true;true;true;true;true;true;true;true;true;true;true;false;true;true;true;true;true;17069;2886;3754;1986;2919;4701;4554;7406;3186;4433;5404;14406;7882;17675;7586;20722;7554;22374;39610;15374;4;3;1;3;3;1;3;3;3;2;3;3;3;3;3;2;1;6;3;2;2;3;4;7;1;4;4;2;1;3
31;male;23;Computer Science M.Sc.;l;true;true;true;true;true;true;true;true;true;true;true;true;true;false;true;true;true;true;true;true;5846;2110;3665;4015;4916;5432;6532;5367;3666;3496;4733;3532;10534;7683;17169;12601;26400;30558;37043;12635;3;2;1;2;3;1;4;4;4;3;4;4;3;4;5;4;4;1;2;1;1;1;2;7;1;2;3;2;1;1;b;true;true;true;true;true;true;true;true;false;true;false;true;true;true;true;true;true;false;true;true;5534;3600;4164;3315;2728;7565;5533;4581;1947;4415;3823;8733;29273;9750;18569;8683;4898;33375;17820;61587;3;2;2;2;3;1;4;4;4;3;4;4;3;4;3;1;2;1;1;1;1;1;1;7;1;1;3;1;2;1;a;true;true;true;true;true;true;true;true;true;true;false;true;true;true;true;true;true;true;true;false;3261;2163;3731;3295;2963;4884;4798;5016;3715;3714;6283;16920;8234;7666;7631;10784;8900;13652;9350;35242;3;2;1;2;2;1;4;4;4;4;4;4;3;4;1;1;2;2;1;1;2;2;1;7;1;3;2;1;1;2
32;male;22;Computer Science B.Sc.;pblan;true;true;true;true;true;true;true;true;true;true;true;true;true;true;true;false;true;true;true;true;9568;3278;4883;3012;3680;7399;7299;9767;3949;6980;9030;4782;11700;27022;28856;24571;20819;33175;25653;40394;4;1;2;4;3;1;4;4;4;3;3;3;3;4;3;4;3;3;3;3;3;1;3;5;1;2;2;3;1;1;b;true;true;true;true;true;true;true;true;true;true;true;true;false;true;true;false;true;false;true;true;10401;2680;1881;1814;3247;5850;3615;8383;3214;5408;7982;4248;64985;6332;12201;45677;9316;9834;23572;13083;4;1;2;4;3;1;4;4;4;4;4;3;3;4;3;3;3;2;3;3;3;1;3;5;1;1;3;2;1;1;n;true;true;true;true;true;true;true;true;true;true;true;true;true;true;true;true;true;false;true;true;2612;1696;3964;1817;3082;9133;5968;7783;2831;2748;4663;23355;5002;7332;5299;16688;7718;18886;14854;32858;4;1;2;4;3;1;4;4;4;4;4;3;3;4;3;3;3;1;3;3;2;1;3;3;1;1;3;1;1;1
33;male;23;Computer Science M.Sc.;p;true;true;true;true;true;true;true;true;true;true;true;true;true;true;true;true;true;true;false;true;10294;3932;3865;2998;4532;7100;5298;8267;4732;8500;13185;5817;12317;26090;25239;10834;33959;41378;39127;27658;4;2;1;4;3;2;4;4;2;4;4;5;4;4;4;3;7;1;5;2;1;2;4;6;1;2;3;1;1;1;pbla;true;true;true;true;true;true;true;true;true;true;true;true;true;true;true;true;true;true;true;true;13504;5815;4349;3480;3414;9984;2897;5050;5398;5082;6365;5149;19519;7114;26506;9600;13735;10750;26723;37977;3;3;1;2;4;1;4;4;3;4;4;5;4;4;5;2;6;4;6;2;1;2;7;5;1;2;6;2;1;2;a;true;true;true;true;true;true;true;true;true;true;true;true;true;true;true;true;true;true;true;true;4581;3279;4965;2198;3248;6681;6233;6448;2865;4499;8500;15084;4448;10801;10450;19586;8167;8551;34275;17636;4;1;1;3;2;1;4;4;3;4;5;4;4;4;3;1;7;3;5;1;1;2;3;7;1;2;4;1;1;1
34;other;26;Mechatronics B.Sc.;;true;true;true;true;true;true;true;true;true;true;true;true;true;true;true;false;true;false;true;true;6764;2680;6376;2715;2796;4746;5696;21020;3066;3815;5474;4401;17549;38568;36707;10131;32854;131633;37220;27491;2;2;1;2;3;1;5;4;5;5;5;5;5;4;4;2;1;3;2;1;1;4;1;7;1;1;1;1;1;1;a;true;true;true;true;true;true;true;false;true;true;true;true;true;true;true;false;true;false;true;true;7076;6284;6100;6514;4479;8686;3489;11069;3744;9446;6308;8383;37105;40735;18295;108122;8806;17055;32803;50737;2;2;3;2;2;1;5;5;5;5;5;5;5;5;2;2;1;4;1;1;1;1;2;7;1;1;2;2;1;1;n;true;true;true;true;true;true;true;true;true;true;true;true;true;false;true;true;true;true;true;false;3543;1776;3518;2464;4323;5364;7268;18868;5010;7078;11021;6893;16082;71484;10760;20891;16994;20177;21747;41646;2;2;2;3;3;2;5;5;5;5;5;5;5;5;1;1;1;4;1;1;1;2;2;7;1;1;2;1;1;1
35;female;22;Chemical- and Bio-Engineering B.Sc.;p;true;true;true;true;true;true;true;false;true;true;false;true;false;true;false;false;true;false;false;true;5925;8165;4950;3582;3331;15686;3832;3749;5982;4532;3549;7300;13201;49831;7766;29441;25038;26155;22822;10984;3;2;1;3;3;1;4;3;5;3;5;4;4;3;3;6;1;4;2;3;1;5;1;7;1;2;2;1;2;2;;true;true;true;true;true;true;true;false;true;true;true;true;false;true;true;true;true;false;false;false;4329;2534;2778;3632;4982;6399;4582;2748;4247;7299;3448;6366;5348;10768;16685;18870;8117;12768;5815;18520;3;3;2;3;3;1;4;3;4;4;5;4;4;3;2;3;1;5;2;2;1;5;1;7;1;5;1;1;1;4;l;true;true;true;true;true;false;true;true;true;true;true;true;true;false;true;true;false;false;false;true;7086;1780;3481;2782;2697;14535;8583;5331;2098;2681;4598;8816;9250;7133;5615;5833;12601;3948;16320;5832;2;4;1;2;2;1;4;4;4;3;5;4;4;3;2;3;1;7;1;1;1;5;1;7;1;1;1;1;1;4
36;male;24;Chemical- and Bio-Engineering B.Sc.;p;true;true;true;true;true;true;true;true;true;true;true;true;true;true;true;true;true;true;true;true;12925;3430;5182;6815;8700;6183;7232;14701;6533;4248;9467;7599;11235;30756;28205;22488;13501;31490;45128;33357;2;3;1;2;2;1;4;3;4;4;5;3;3;3;5;3;1;1;3;3;1;4;5;6;1;3;3;1;1;2;;true;true;true;true;true;true;true;true;true;true;true;true;true;true;true;true;true;true;true;true;22283;2481;5582;4198;3464;9233;8232;7600;4465;17202;5432;7766;27921;28205;24154;17402;8200;15300;21737;14534;3;1;1;3;3;1;4;4;4;4;3;3;3;3;3;2;1;1;3;2;1;2;3;4;1;1;2;1;1;2;b;true;true;true;true;true;true;true;true;true;true;true;true;true;true;true;true;true;true;false;true;11686;2999;3681;2030;3015;10817;4081;12033;2899;5347;14984;31257;14818;22653;9517;18152;13051;13967;17350;16220;3;1;1;2;2;1;4;4;4;4;3;3;3;3;3;2;1;1;2;2;1;2;3;4;1;2;2;2;1;2
37;male;26;Civil Engineering B.Sc.;l;true;true;true;true;true;true;false;false;true;true;false;true;true;false;false;false;false;false;true;false;4704;2980;3748;2382;3130;5166;3948;17687;2614;4132;4932;4349;8116;4381;5166;5400;15451;3398;5499;4815;4;4;3;4;4;1;4;4;4;4;4;4;4;4;5;6;1;1;1;3;2;2;4;7;1;7;1;1;1;3;pblan;true;true;false;true;true;false;true;false;true;false;true;false;false;false;false;true;false;false;false;false;4382;2747;3583;3731;3464;4151;4314;7483;2966;3198;2948;3999;3198;4732;4183;12133;2314;2250;4130;10100;4;4;4;4;4;1;4;4;4;3;4;4;3;4;1;3;4;7;5;3;4;3;3;7;1;2;1;1;1;3;p;true;true;true;false;true;true;false;false;true;true;true;false;true;false;false;false;false;false;true;false;2765;1717;5854;2166;2783;4300;3799;1164;2333;3181;4250;8133;1297;1313;798;1514;1249;1331;933;1148;4;4;4;4;4;4;4;4;4;4;4;4;4;4;2;2;2;2;1;1;2;3;4;7;2;3;4;2;2;2
38;male;23;Civil Engineering B.Sc.;b;true;true;true;true;true;true;true;false;true;true;false;true;true;false;false;true;false;false;false;false;8714;3630;4515;3715;3265;8149;6150;8801;4532;7316;2764;3215;7883;4549;1198;564;1947;565;3799;9816;3;2;3;4;3;2;3;2;2;4;3;3;3;4;4;5;5;3;4;4;5;5;4;4;5;3;3;3;4;5;a;true;true;true;true;true;false;true;true;true;false;false;true;false;false;false;false;false;false;false;false;5445;1897;2748;5216;3781;9967;3664;2364;3448;5599;531;5215;1697;1414;2914;2948;6481;7065;13884;2064;2;3;3;2;3;3;3;2;3;3;2;4;3;4;4;3;5;4;4;3;5;4;3;5;4;4;4;5;4;3;pblan;true;true;true;true;true;true;false;false;true;true;true;true;false;false;false;false;false;false;true;false;2977;3664;2664;3499;4132;3731;899;948;2763;3084;3631;9466;5533;1400;898;2232;1914;947;1251;3700;2;3;3;2;3;2;2;3;2;4;3;4;2;3;3;4;3;3;5;3;4;3;4;5;4;4;4;4;5;3
39;female;25;Mechanical Engineering B.A.;l;false;false;false;false;false;false;true;false;true;true;false;true;true;false;false;false;false;false;true;false;4236;1224;663;509;677;1262;6646;3709;3337;7408;3039;3024;5576;3361;5578;1089;3029;4579;495;1509;1;1;1;1;1;1;3;2;3;2;3;3;2;3;4;3;2;5;3;7;3;3;5;4;3;6;3;4;5;3;pblan;true;true;true;true;true;false;true;false;false;false;true;true;false;false;false;false;false;true;false;true;4810;2691;3211;4013;2412;2202;3378;4958;2326;3061;3409;6609;3994;2144;1892;2414;7461;9159;12266;6509;2;2;2;2;3;1;3;2;3;2;3;2;3;2;3;4;3;4;3;4;3;4;3;4;3;4;3;4;3;4;pbla;true;true;true;true;true;true;true;false;true;true;true;false;false;false;false;true;false;false;false;false;5349;2214;4123;2341;2742;6807;4925;4439;3009;3477;6030;7600;1825;1711;2943;1243;3593;1813;2104;2541;2;2;2;2;2;2;4;3;4;3;4;3;4;3;4;4;4;3;4;3;4;3;4;3;4;3;3;4;3;4
40;male;27;Civil Engineering B.A.;b;true;true;true;true;true;true;false;false;false;false;false;false;false;false;false;false;false;false;false;false;4910;3247;6048;4316;3181;3065;2781;1897;3882;3232;3365;3766;4316;3448;4633;2848;4416;5665;1365;1031;3;2;2;1;3;1;4;2;3;2;3;4;1;2;3;2;3;2;4;4;2;5;3;3;3;4;2;2;3;5;n;true;true;true;true;true;true;true;false;true;true;true;true;false;false;false;false;false;false;false;true;4644;2647;2600;1747;2997;4401;2797;1713;2967;3432;2946;2867;9100;5981;7618;7249;4081;7168;5031;11366;4;4;3;3;3;1;4;2;2;1;1;3;1;2;1;2;6;5;4;5;4;5;3;7;7;5;5;4;5;5;pbla;true;true;true;true;true;true;true;true;true;true;true;false;false;false;true;true;false;true;true;true;3600;2331;5615;1632;3665;4064;4198;4581;1930;4448;4135;1630;1664;5332;4265;9149;4381;1947;1697;1430;4;4;2;4;3;4;4;4;3;3;4;3;4;3;5;4;5;3;1;3;2;3;2;3;3;3;4;3;3;4
41;male;26;Mechanical Engineering B.Sc.;n;true;true;true;true;true;true;true;true;true;true;false;true;true;false;false;false;false;true;true;true;9955;8481;8714;6266;5115;8467;9384;13835;2832;4297;3781;10934;12735;17504;37909;14918;12984;39876;17753;29640;4;3;1;4;3;1;4;4;5;4;4;4;4;5;5;5;4;1;5;6;4;5;5;7;1;1;5;4;1;4;pbla;true;true;true;true;true;true;true;true;true;true;true;true;false;false;false;false;false;false;true;false;8567;2797;3397;2596;3398;7549;5197;8049;2431;2930;3548;7649;11016;28773;3231;8517;4898;2982;17536;16935;4;3;4;3;4;3;4;3;4;4;3;4;5;5;6;5;6;6;5;5;6;6;6;6;5;5;5;5;6;6;a;true;true;true;true;true;true;true;false;true;true;true;true;false;false;true;true;false;false;true;true;3962;2056;3962;1966;2598;6231;5381;1714;3214;4281;5615;9017;1314;1348;5899;1831;1764;1114;14267;997;3;4;4;3;3;4;5;5;5;5;4;4;4;5;4;5;5;5;5;5;5;5;5;5;5;6;6;6;6;7
42;male;27;Civil Engineering B.Sc.;pblan;true;true;true;true;true;true;true;true;true;true;false;true;true;false;false;false;false;true;false;true;14874;7097;4048;2648;3696;7866;10783;5448;6832;5299;4764;4732;14318;14668;181;10517;13468;26355;11217;13967;4;2;2;3;1;3;3;2;4;4;3;2;4;4;7;4;4;2;5;4;3;3;5;6;4;5;3;2;4;3;;true;true;true;true;true;true;true;true;true;true;true;false;false;false;false;false;false;false;false;true;7747;5048;2598;2732;3130;5899;3913;7199;6250;6032;2348;12884;4565;22855;12734;5115;296;2314;7532;831;3;2;3;3;3;3;3;2;1;4;3;2;3;4;3;4;4;4;3;2;2;3;3;5;4;5;4;4;3;4;b;true;true;true;true;true;true;false;false;true;true;false;true;false;false;true;true;false;false;false;false;2152;3065;2682;1764;3015;11968;5132;7700;2180;8650;3814;9117;10900;2032;3132;6314;3249;2981;4198;2648;3;2;3;3;2;3;3;2;2;3;3;3;4;4;4;4;3;5;5;6;5;5;6;5;4;5;4;1;4;5
43;female;23;Computer Science B.Sc.;l;true;true;true;true;true;true;true;true;true;true;false;true;false;false;true;false;true;true;false;false;6015;3736;2609;2155;2814;3457;2540;4305;2250;3086;2256;3228;7796;13227;10768;6403;9438;18411;18761;17140;4;2;1;4;4;1;4;3;4;3;4;4;3;4;6;3;1;1;5;3;2;2;4;7;2;5;6;3;2;2;pbla;true;true;true;true;true;false;true;true;true;true;true;true;false;false;true;true;true;true;true;true;7346;2409;2560;1401;3594;9576;4919;3053;2544;3805;1969;3422;8007;8660;7573;8722;7880;5413;15968;11082;3;2;1;3;3;3;4;4;4;4;4;3;3;4;6;5;2;1;4;3;2;4;5;7;1;4;6;3;2;1;pblan;true;true;true;true;true;true;true;true;true;true;false;true;true;true;true;false;true;true;false;true;4226;2012;2919;2021;2299;4376;6089;2652;2775;2955;4238;5240;9872;17875;7324;18470;6797;5500;8217;4837;2;3;1;3;3;3;4;4;5;4;4;4;4;4;6;3;2;1;5;4;1;1;5;7;1;1;5;4;1;1
44;female;21;Data Science B.Sc.;b;true;true;true;true;true;true;true;true;true;true;false;true;true;true;true;false;true;true;false;true;9427;4555;5388;3072;5372;6543;8952;4300;4685;7571;3766;16241;13143;19443;14153;17039;22529;17243;41536;30879;4;1;2;4;3;2;4;4;4;4;4;4;3;3;5;2;1;1;4;4;1;1;3;7;1;2;3;2;1;1;p;true;true;true;true;true;true;true;true;true;true;true;true;false;false;true;true;true;true;true;false;9423;3089;2603;2256;4640;10673;4286;7623;2585;11723;13858;5190;30098;30163;7870;32296;11319;15627;19252;36616;4;1;1;4;3;1;4;4;4;4;4;4;3;3;3;2;1;1;2;1;1;1;2;7;1;2;3;2;1;1;a;true;true;true;true;true;true;true;true;true;true;true;false;true;false;true;true;false;false;true;false;2720;1756;3451;2401;3386;10439;8890;3722;3006;3239;2489;12442;9998;17624;9040;13457;10586;19159;21056;30731;4;1;1;4;3;1;4;4;4;4;4;4;3;3;3;2;1;1;2;1;1;1;3;7;1;1;2;1;1;1
45;male;21;Computer Science B.Sc.;l;true;true;true;true;true;true;true;true;true;true;true;true;true;true;true;true;true;true;false;true;7800;3631;4154;3585;3221;8623;4679;4971;2732;2865;7168;3335;8083;33245;13203;8656;13280;34460;44080;12780;3;2;1;3;3;1;4;5;4;4;4;3;3;4;5;5;2;2;4;2;1;2;5;6;1;1;4;2;1;2;pblan;true;true;true;true;true;true;true;true;true;true;true;true;true;true;true;false;true;true;true;true;9794;4485;3335;2036;7788;8885;6370;7120;2055;4804;6438;4534;15254;18737;22792;18266;13142;13070;22143;47315;4;2;1;4;4;1;4;4;4;4;4;3;3;4;5;4;2;2;4;3;1;2;5;6;1;2;5;2;1;1;;true;true;true;true;true;true;true;true;true;true;true;true;true;true;true;true;true;true;false;true;3235;1920;2923;2404;2255;5606;3239;4452;2821;2388;4472;16060;7768;8022;4450;20543;13454;9743;31875;8870;4;3;1;4;3;1;4;4;4;3;4;4;3;4;5;4;1;2;4;3;1;2;5;7;1;2;4;2;1;2
46;female;26;Information Technology (INFOTECH) M.Sc.;a;true;true;true;true;true;true;false;true;true;true;true;true;true;true;true;false;true;true;false;true;13951;3465;5188;3304;4037;7705;6865;8286;4420;4788;6537;7473;11502;30244;18119;19607;33409;31038;105000;95550;3;3;1;2;3;1;4;5;5;5;5;5;4;5;7;1;1;7;7;4;1;1;7;7;1;1;4;1;1;1;n;true;true;true;true;true;true;true;true;true;true;true;true;true;true;true;false;true;true;true;true;5966;2064;2822;3062;4438;11310;5788;6955;6409;13242;5986;5583;24778;12398;14157;35360;10300;9363;25310;20949;3;3;1;3;3;1;4;5;5;5;5;5;4;5;7;1;1;1;7;1;1;1;7;7;1;1;7;1;1;1;;true;true;true;true;true;true;true;true;true;true;true;true;true;true;true;true;true;true;false;true;2073;2188;5135;2585;2653;5838;3970;6435;2712;3954;9901;32995;17222;40679;7834;14792;16309;11903;21728;12785;3;3;1;3;3;1;4;5;5;5;5;5;4;5;7;1;1;1;7;1;1;1;7;7;1;1;7;1;1;1
47;male;24;Information Technology (INFOTECH) M.Sc.;a;true;true;true;true;true;true;false;true;true;true;false;true;true;false;true;false;false;true;false;false;9171;9900;6084;4035;3401;10637;5937;16425;3206;4772;4089;5523;21746;13588;38593;15744;57800;38567;21557;106023;3;1;1;3;4;1;5;4;4;5;5;5;4;4;5;6;1;5;4;4;2;2;4;7;1;1;3;3;1;1;pbla;true;true;true;true;true;true;true;true;true;true;true;true;true;false;true;true;true;false;true;false;15630;2535;4603;7554;16207;15642;5569;20512;6335;8486;17050;5273;64622;13521;31015;49755;11837;8722;21796;148021;4;4;1;4;4;1;5;5;4;4;4;5;5;4;6;6;1;1;4;4;1;1;4;7;1;1;3;3;2;2;n;true;true;true;true;true;true;true;false;true;true;true;true;true;false;false;true;true;false;false;false;8502;3004;6140;2570;3120;6140;21379;4152;4265;2921;5187;8351;4836;8339;6822;29414;7483;8106;21362;3766;4;1;1;4;4;1;5;5;4;5;5;5;4;4;6;6;1;1;4;4;4;1;4;6;1;3;4;4;1;2
48;male;24;Chemistry B.A.;pbla;true;true;true;true;true;true;true;true;true;true;false;true;true;true;false;false;true;false;true;false;2736;6427;5334;2693;3665;7699;4332;5915;4499;2965;3247;7666;6748;9917;8934;6198;5248;2831;3198;2865;4;3;3;3;2;1;4;4;4;5;5;4;4;2;4;3;3;3;5;1;6;2;1;5;3;4;3;4;2;5;p;true;true;true;true;true;true;true;true;true;true;true;true;true;false;false;false;false;false;false;false;2426;1797;3765;2214;2047;8366;6449;7633;2664;2447;2130;5182;9950;14652;5498;16187;3663;6700;7749;2730;3;3;4;3;4;2;1;3;2;4;2;4;4;2;3;4;3;4;5;4;5;4;5;4;5;4;5;4;5;4;l;true;true;true;true;true;true;true;true;true;true;true;true;false;true;true;false;true;false;false;true;2427;1930;7582;2180;2398;5348;5599;6098;2098;3715;5232;8216;6932;13718;7783;6066;17468;12634;27906;1664;2;3;2;3;2;3;4;2;3;2;3;2;3;2;3;4;3;5;3;4;3;5;4;3;4;5;3;5;3;4
49;male;20;Mechanical Engineering B.Sc.;p;true;true;true;true;true;true;true;false;true;true;false;true;true;false;false;false;true;false;false;false;25215;6764;3949;3297;4250;17661;12618;10717;5334;7399;4465;3299;8633;19721;18354;13868;16186;12217;8834;14319;4;1;2;4;4;1;4;4;5;4;5;4;4;5;4;6;1;1;3;2;3;4;3;7;1;1;4;2;3;1;b;true;true;true;true;true;true;true;true;true;true;true;true;false;false;true;true;true;false;false;true;23410;3214;2764;1663;3665;15152;4181;13202;14785;7900;6082;18052;19487;10684;14885;52265;13017;17819;7182;16768;2;2;3;2;3;1;4;4;5;5;5;5;4;4;2;2;1;1;2;2;1;1;3;7;1;1;3;2;1;1;n;true;true;true;true;true;true;true;true;true;true;true;true;true;true;false;true;true;false;false;false;3011;1647;5748;10335;4165;8033;3317;11702;2497;5018;3047;27289;8335;28673;7466;10952;7432;18703;34794;3998;4;1;1;4;3;1;4;4;5;5;5;5;4;4;3;3;1;1;4;3;1;1;4;7;1;3;4;3;1;1
50;male;20;Mechanical Engineering B.Sc.;p;true;true;true;true;true;true;true;true;false;true;true;true;true;true;false;false;true;true;true;true;9312;5549;3748;3149;5899;8282;3999;10168;2847;6134;8249;4499;8567;14718;18987;27764;15802;32991;23305;21037;2;1;3;3;2;2;3;4;2;4;4;4;4;4;3;1;4;1;1;1;1;6;4;2;1;6;1;1;1;4;l;true;true;true;true;true;true;true;true;true;true;true;true;false;true;false;false;true;true;true;false;11943;8750;2017;2364;2598;27889;5082;7466;11933;4198;3864;5882;25271;16185;12034;22104;9100;22070;21904;81521;2;2;2;3;2;2;4;4;3;4;4;3;3;5;1;1;4;6;4;2;1;6;2;7;1;6;2;2;1;4;n;true;true;true;true;true;true;true;true;true;true;true;true;true;false;true;true;true;true;true;true;4178;1905;4065;4118;4097;9949;3834;9466;3531;6052;4215;13501;11053;49696;6015;17989;7816;23304;15321;22304;3;3;1;3;3;1;3;4;3;4;4;4;4;5;1;1;5;6;2;2;2;6;2;2;1;5;1;2;1;7
51;female;18;Mechanical Engineering B.Sc.;a;true;true;true;true;true;true;true;true;true;true;true;true;true;true;true;false;true;false;true;true;4180;4699;4447;3139;4103;5546;9971;4073;2936;3624;5970;3356;12494;12726;7527;12501;7087;13438;17342;6288;3;1;2;3;4;2;2;3;4;2;3;4;2;3;6;2;1;3;4;2;1;2;5;7;1;2;3;1;1;2;p;true;true;true;true;true;true;true;true;false;true;true;true;false;true;true;false;true;true;true;false;3024;2654;4988;2389;2757;10659;4206;3101;5040;5219;4021;3556;7802;6625;6873;16212;7957;7786;6992;4667;3;2;2;3;3;1;4;3;4;3;3;2;2;3;5;2;1;3;4;2;1;3;4;6;1;3;2;1;1;2;;true;true;true;true;true;true;true;true;true;true;true;true;true;true;true;true;true;false;true;false;15649;1587;2937;1904;2455;4053;3522;2688;3834;3836;5672;3471;5631;9789;3888;10201;7034;2053;14141;8538;3;2;1;2;2;1;3;2;4;4;3;2;2;3;5;2;1;3;4;2;1;3;3;6;1;4;3;1;1;2
52;female;19;Mechanical Engineering B.Sc.;b;true;true;true;true;true;true;true;true;true;true;true;true;true;true;false;true;true;true;false;true;9742;3514;3072;2672;3155;5970;5652;4003;2873;1839;5589;3782;8906;12954;6085;8086;6535;9109;8189;24661;3;3;1;3;2;1;4;4;3;3;4;4;3;4;5;6;4;2;2;2;1;5;3;7;1;6;3;1;2;3;pblan;true;true;true;true;true;true;true;true;true;true;true;true;false;false;false;false;true;false;true;true;4151;2969;2354;2287;2685;6441;2940;2853;2240;3622;3166;3006;7806;5172;7409;5983;4172;3205;8923;7521;4;2;1;4;3;1;4;4;3;4;5;4;4;4;3;2;1;3;1;2;1;2;4;6;1;3;2;1;1;3;pbla;true;true;true;true;true;true;true;true;true;true;true;false;true;false;true;false;false;true;false;false;3517;1672;2756;1791;2236;3036;3153;2668;1904;2822;3455;5572;7636;6819;5055;8374;5607;5204;7050;2940;3;3;1;2;2;2;4;3;4;4;4;4;4;4;2;1;1;1;3;1;1;6;2;1;2;6;2;1;2;1
53;female;20;Geodesy and Geoinformatics Engineering B.Sc.;n;true;true;true;true;true;true;true;true;true;true;true;true;true;true;true;true;true;true;false;true;5042;5631;4717;3028;2498;5315;2899;5583;5111;6766;4066;3798;11717;15352;11235;7283;7600;18137;23089;14634;3;2;1;2;3;1;4;2;3;4;4;3;4;3;3;1;2;4;5;3;1;3;5;6;1;5;4;3;2;1;pbla;true;true;true;true;true;true;true;true;true;true;true;true;false;true;true;true;true;false;true;false;5984;2980;4148;2481;2879;10184;3615;4114;3363;6049;3398;6399;11651;7132;6685;7783;4898;5281;18820;10550;3;2;2;3;2;1;4;3;3;4;4;3;4;3;5;2;2;3;5;2;1;5;5;6;1;4;4;1;1;3;b;true;true;true;true;true;true;true;true;true;true;true;true;true;true;false;true;true;true;true;false;12523;2433;3263;2848;3497;5817;3464;5081;2748;2598;5450;8500;5382;7365;5932;6999;5182;8433;27288;24571;3;2;1;3;4;1;4;3;3;4;4;3;4;3;5;2;2;5;5;2;1;5;5;6;1;5;4;1;2;4
54;male;20;Software Engineering B.Sc.;l;true;true;true;true;true;true;true;true;true;true;true;true;true;true;true;true;false;false;false;true;42493;4746;4747;2685;4454;7944;18189;11033;6949;34258;15952;4221;7821;96990;12551;7202;58301;25568;8802;18437;2;3;3;2;1;1;4;4;4;4;4;2;2;2;5;2;1;1;2;3;1;1;6;6;1;3;6;2;1;2;n;true;true;true;true;true;true;true;true;true;true;true;true;true;true;true;false;true;false;true;false;2693;1369;5384;2818;2786;21041;3970;6733;2334;4503;7663;4535;23243;16554;14901;17253;12783;45476;20235;91027;2;2;3;2;3;3;4;4;4;4;4;2;2;2;5;2;1;1;2;2;1;1;3;6;1;1;3;2;1;1;pblan;true;true;true;true;true;true;true;true;true;true;true;true;false;false;false;true;true;false;true;false;3532;2752;3552;2188;3571;9899;9004;4235;2084;3549;15423;6602;10331;25915;15514;10009;15884;46531;28106;21908;2;2;3;2;1;1;4;4;4;4;4;2;2;4;6;2;1;1;2;2;1;1;5;6;1;2;3;2;2;2
55;male;20;Data Science B.Sc.;p;true;true;true;true;true;true;true;true;true;true;true;true;true;true;false;true;true;true;false;true;19050;6181;6651;6300;4117;9421;3752;10153;3544;5638;14796;4647;29489;24509;16743;46374;17991;29066;104990;22464;3;2;3;2;1;3;4;2;4;4;5;2;2;4;7;3;7;4;1;2;7;2;3;2;7;1;4;4;5;4;a;true;true;true;true;true;true;true;true;true;true;true;true;true;true;true;true;true;false;true;true;12440;2597;3451;2484;4085;8113;4453;4467;3353;3350;5068;5483;17921;12152;23966;42712;5610;46429;100292;60319;4;2;1;3;3;2;4;4;4;4;4;4;2;4;6;4;7;4;2;3;7;3;2;2;7;5;3;4;6;4;b;true;true;true;true;true;true;true;true;true;true;true;false;true;true;true;true;true;false;true;true;14511;2684;3768;1618;2835;6088;6552;4254;2969;2687;5829;2535;27358;8217;8371;15473;5450;24108;14689;16887;4;1;1;3;3;1;4;4;4;4;4;2;2;4;6;4;7;3;2;4;6;5;2;2;6;2;4;5;5;4
56;male;19;Data Science B.Sc.;pblan;true;true;true;true;true;true;true;true;true;true;false;true;true;true;false;true;false;false;false;true;10104;3093;3735;2653;4052;8902;6405;5488;3212;4014;2792;6482;11300;27291;15261;10163;11648;22206;17240;24714;4;2;1;4;4;1;4;4;4;4;4;4;3;3;5;6;4;3;6;5;3;3;5;5;1;3;5;5;1;2;a;true;true;true;true;true;true;true;true;true;false;true;true;false;true;true;true;true;false;true;true;19890;2281;3467;2801;2852;4319;5503;4086;2046;2587;6086;7836;19191;11662;14253;14304;5715;13690;16421;26237;4;1;1;4;4;1;4;4;4;4;4;4;4;3;7;5;2;6;5;4;2;3;5;6;1;3;5;5;1;1;;true;true;true;true;true;true;true;true;true;true;true;false;true;false;true;true;true;true;false;true;3394;1898;2300;2084;2252;5351;3283;4564;2316;2421;6118;7367;5937;10080;13613;21808;11320;4986;18742;7933;4;1;1;4;4;1;4;4;4;4;4;4;4;3;6;5;2;4;5;5;1;4;6;6;1;3;5;3;1;2
57;male;20;Biology Teaching Degree
58;male;26;Media Computer Science B.Sc.;l;true;true;true;true;true;true;true;true;true;true;false;true;true;true;true;false;true;false;false;true;11477;7094;4277;4927;3196;14695;5784;10440;2857;2114;2858;3396;9252;13447;7495;9658;17761;35875;9752;54264;3;2;1;2;3;1;5;4;4;4;4;5;4;3;5;4;5;2;5;4;1;1;6;7;1;1;4;2;2;1;pbla;true;true;true;true;true;true;true;false;true;false;true;true;true;false;false;false;true;false;true;true;7484;5351;4092;2867;2412;7886;4368;3656;2479;7308;3490;3633;19640;11700;6992;21174;6267;14653;21654;21179;2;2;2;3;3;1;4;3;4;4;4;5;4;3;4;5;5;5;4;3;4;4;5;5;2;6;5;2;4;5;pblan;true;true;true;true;true;true;true;true;true;true;true;false;false;true;true;false;true;false;false;true;6062;4148;3432;4214;3865;5863;8751;7313;3384;6144;9018;30159;7890;11201;6833;49398;9452;22956;20939;5532;3;3;1;2;2;1;4;4;4;3;3;4;3;4;3;3;5;7;5;5;3;6;6;2;2;5;4;2;4;5
59;female;20;Software Engineering B.Sc.;l;true;true;true;false;true;true;true;false;true;true;true;true;false;false;true;false;true;false;false;false;11820;5150;7561;6695;4530;6431;5984;5149;3760;4433;8764;5156;14727;12230;33264;10880;8967;19222;53361;15155;3;2;2;3;1;3;5;4;3;4;5;4;4;4;5;4;1;3;5;4;1;1;5;7;1;2;4;1;4;3;p;true;true;true;true;true;false;true;true;true;true;true;true;false;true;true;true;true;true;true;true;23368;2422;3888;4333;5616;15287;5778;8078;3239;3538;5818;6847;18173;18588;39121;14946;5033;10509;24952;25542;3;3;3;4;4;1;5;4;3;4;5;4;4;3;3;4;2;3;4;3;1;4;5;7;1;4;3;1;1;4;b;true;true;true;true;true;true;true;true;true;true;true;false;false;false;true;false;true;false;false;false;5999;2499;4952;4166;5133;5864;5371;6584;3881;2863;9057;30833;14766;7302;9805;34139;8983;2416;37231;6351;2;2;2;3;1;3;5;4;3;4;4;4;4;3;4;1;1;3;4;4;1;4;4;7;1;3;3;1;1;3
60;female;21;Software Engineering B.Sc.;l;true;true;true;true;true;true;true;true;true;true;false;true;true;true;true;false;false;false;false;true;17063;4697;4265;3298;2946;4451;6802;5083;4450;3129;3046;4904;11751;10887;7998;15669;7434;10756;19622;36139;2;3;2;1;2;2;4;2;4;4;5;4;3;4;5;1;1;1;5;4;1;3;5;7;1;3;4;2;1;1;p;true;true;true;true;true;true;true;true;false;true;true;true;false;true;true;false;true;false;true;false;5782;3582;4602;3367;2734;10427;3397;4200;2615;5446;4498;5732;21522;25951;9084;19951;7767;14119;20609;24135;3;2;2;1;3;1;5;3;4;4;5;4;4;4;2;1;1;4;4;1;1;3;3;7;1;5;2;1;1;2;n;true;true;true;true;true;true;false;true;true;true;true;true;true;true;true;true;true;false;true;false;3070;1916;3782;1946;2582;5318;5027;7084;3329;2566;4885;8951;7402;26554;5995;7114;10786;12269;12281;10736;2;2;2;1;1;1;4;4;5;5;5;4;4;4;4;1;1;3;3;1;1;5;3;7;1;3;2;1;1;1
61;female;19;Software Engineering B.Sc.;;true;true;true;true;true;true;true;true;true;true;true;true;true;true;true;false;false;true;false;true;15332;6923;8566;5059;5813;6654;10130;15247;4316;4849;11899;7259;15134;31035;22850;37661;44155;37759;81165;16544;4;1;1;3;3;1;4;4;4;4;3;3;3;4;5;3;1;2;4;2;1;4;6;7;1;4;2;1;1;1;n;true;true;true;true;true;true;true;true;true;true;true;true;true;true;true;true;true;true;true;true;15257;3586;3880;3308;6299;12468;7087;7809;7300;8451;7016;9007;49045;19962;21217;27267;16681;34262;26418;19484;4;1;1;4;4;1;4;4;4;4;3;3;3;4;5;1;1;2;5;3;1;1;6;6;1;2;4;1;1;3;pbla;true;true;true;true;true;true;true;true;true;true;true;true;true;true;true;true;true;false;true;true;10975;2874;5475;3531;6010;10759;4826;8931;3324;5214;5263;16976;7898;17551;28034;10467;10126;16468;50828;19630;4;1;1;4;4;1;4;4;4;4;4;4;3;4;5;1;1;4;6;3;1;2;6;7;1;2;5;1;1;2
62;male;20;Computer Science B.Sc.;pblan;true;true;true;true;true;true;true;true;true;true;true;true;true;true;true;true;true;true;false;true;11024;4319;6013;6397;5248;8582;12604;14873;7435;3253;10706;10986;19887;42497;15836;25271;33592;40820;131238;38775;3;2;1;4;4;1;4;3;4;5;4;3;3;3;5;3;1;2;5;3;1;3;6;7;1;4;5;3;1;4;b;true;true;true;true;true;true;true;true;true;true;true;true;true;true;true;false;true;true;true;true;4440;2215;2486;3904;4287;10288;6535;15905;4003;6039;5599;10703;13590;22023;25743;14829;18007;21974;42179;15269;4;2;1;3;4;1;4;4;4;4;4;4;3;3;6;5;1;7;4;4;1;2;6;7;1;2;5;5;1;3;a;true;true;true;true;true;true;true;true;true;true;true;true;true;true;true;true;true;true;true;true;15039;1666;3683;1665;2052;7852;11822;16837;2874;5381;15483;12232;32535;21898;10403;24471;13540;32623;51614;10351;2;3;1;2;4;1;4;4;4;4;4;3;3;3;3;3;3;4;4;4;2;2;5;7;1;3;5;3;2;4
63;female;20;Software Engineering B.Sc.;n;true;true;true;true;true;true;true;true;true;true;false;true;true;true;true;false;false;false;true;true;4779;2393;4692;2605;3176;6574;5700;7125;3449;2527;2106;4655;16603;11900;8639;14659;8167;18743;15259;15901;4;1;1;4;4;1;4;4;5;5;4;4;4;4;4;3;1;3;4;3;4;3;3;5;1;4;3;2;2;3;;true;true;true;true;true;true;true;true;true;true;true;false;false;true;true;false;false;false;true;false;5691;2107;2206;2623;3701;9585;2584;3585;3939;6040;6140;2794;4934;16937;8073;14200;6883;3261;15266;34520;3;3;1;3;3;1;4;4;4;4;4;4;4;4;2;2;3;2;3;3;5;3;3;3;4;4;3;2;5;2;pbla;true;true;true;true;true;true;true;true;true;true;true;true;true;false;true;false;false;false;true;true;9264;4516;3960;1816;4079;6746;5518;5242;2360;3044;6288;8425;10074;29499;11187;3247;9891;6408;26534;19339;4;3;2;3;3;2;4;4;4;4;4;4;4;4;4;3;3;1;5;4;2;1;5;4;2;2;6;4;5;4
64;male;20;Software Engineering B.Sc.;;true;true;true;true;true;true;true;true;true;true;true;true;true;true;false;true;true;false;true;true;8314;3380;6547;4500;4317;11333;7319;19635;3540;9343;8395;7583;30036;28647;15965;23614;26004;55803;38151;17754;3;1;1;2;4;1;3;4;4;5;4;3;3;4;5;4;1;4;5;5;3;3;6;7;1;3;5;4;1;4;b;true;true;false;true;true;true;true;true;true;true;true;true;false;true;true;false;true;true;true;false;5727;2913;14359;4273;2994;7029;7612;13365;4591;5759;6928;13494;36460;9875;32422;23480;11592;24380;20666;12645;3;1;2;3;2;1;4;4;4;4;4;3;3;4;4;3;1;3;4;3;1;3;5;7;1;3;4;2;1;4;a;true;true;true;true;true;true;true;true;true;false;true;true;true;true;true;true;true;true;false;true;4127;3031;6732;2202;2993;8232;5758;33440;7426;13313;7185;13563;19168;30981;36983;7743;8616;21032;13548;9281;4;1;1;3;3;1;4;4;4;4;4;3;3;4;4;3;1;3;5;4;1;1;6;7;1;3;5;3;1;4
65;male;23;Chemistry B.A.;a;true;true;true;true;true;true;true;true;true;true;true;true;true;true;true;true;true;true;true;true;11580;6440;4795;3195;4795;4759;4476;9149;3053;4423;7146;2873;13272;16232;11296;9198;20053;24692;56978;28348;3;2;1;3;4;1;5;4;4;5;5;4;3;4;5;2;2;2;5;3;2;1;5;6;1;3;5;3;3;1;pblan;true;true;true;true;true;true;true;true;true;true;true;true;true;true;true;true;true;true;true;true;5937;3384;4408;4366;3404;7179;5730;6098;3560;4719;4091;5244;7339;8808;15945;20826;10458;16623;30565;47376;3;3;1;2;4;1;5;4;4;5;4;4;4;4;6;3;2;1;6;3;2;2;6;6;1;2;6;3;2;2;p;true;true;true;true;true;true;true;true;true;true;false;true;true;true;true;true;true;true;true;true;6178;1808;3976;3765;4025;5640;4853;4546;2751;2971;8025;9460;9140;8828;4885;6265;8094;14604;16330;14070;3;3;2;3;4;1;5;4;4;5;4;4;4;4;6;3;2;2;6;3;2;2;7;6;1;2;5;3;2;1
66;male;23;Computer Science B.Sc.;b;true;true;true;true;true;true;true;false;true;true;false;true;true;true;false;false;true;true;false;true;9566;4498;3698;2281;5782;4598;2748;3597;5817;5732;2482;6283;11268;21371;6883;13252;23606;26388;7967;33993;4;3;1;2;2;2;3;4;4;3;4;5;5;3;2;7;5;3;2;6;2;3;2;7;1;3;2;1;3;6;p;true;false;true;true;true;true;true;true;true;true;true;true;true;false;true;true;false;true;true;true;3077;2282;3012;2114;3498;11736;4997;7649;2314;8333;5382;5685;15469;5664;15668;29374;3031;8999;35309;12284;3;2;2;3;3;2;4;3;4;3;4;5;4;3;2;6;2;5;2;1;3;3;2;6;1;5;2;1;2;5;a;true;true;true;true;true;true;true;true;true;true;true;true;false;false;true;true;true;true;true;true;7811;3364;2414;2647;2682;10818;4331;4881;2798;4881;9033;11083;17169;29723;9133;29723;13001;14368;14702;6316;3;2;2;3;3;1;3;3;4;3;4;5;4;4;2;6;3;5;2;2;3;5;2;7;1;4;2;2;3;5
67;male;22;Computer Science B.Sc.;b;true;true;true;true;true;true;true;true;true;true;false;true;true;true;true;false;false;false;false;false;7054;11599;4542;9657;3572;4293;8394;13679;2906;3368;4072;3640;19333;20896;30169;10217;19352;19957;36727;44844;4;2;1;4;4;1;4;3;4;3;4;2;2;3;2;1;3;1;4;2;1;3;4;7;1;4;4;1;2;3;;true;true;true;true;true;false;true;true;true;true;true;true;false;false;true;false;false;false;false;false;9161;2946;3757;3163;3335;9596;4255;7030;5274;6371;6271;5411;13298;6619;16735;30146;14943;13777;19566;7683;2;1;2;3;3;1;3;3;3;3;4;3;3;3;3;3;1;2;3;2;1;1;2;7;1;3;4;2;4;4;pblan;true;true;true;true;true;true;false;true;true;true;true;false;true;false;true;true;false;false;false;false;9223;3315;5753;2627;4057;4935;4268;8976;2549;3882;10780;17884;5315;12615;5189;16355;10273;13941;9308;32079;2;3;1;2;4;1;4;4;4;4;4;4;3;3;6;4;4;1;5;4;1;3;5;5;1;3;5;3;2;2
68;male;21;Computer Science B.Sc.;;true;true;true;true;true;true;true;true;true;true;true;true;true;false;true;false;true;true;false;true;10707;3455;3890;3056;3372;5025;6565;6667;3702;6887;8066;3573;18044;33617;59318;21311;14152;47918;32697;16021;3;1;2;4;2;1;4;4;4;5;5;3;4;2;5;1;1;4;1;1;1;4;4;7;1;5;1;1;1;1;pblan;true;true;true;true;true;true;true;true;true;true;true;true;false;true;true;false;false;false;true;true;10214;5953;6399;6857;4201;18091;5655;7040;6470;5457;10175;4403;19990;24408;18523;17840;14038;16491;14974;51989;3;1;2;3;3;1;4;4;4;5;5;3;4;2;1;1;1;4;1;1;1;4;1;7;1;4;1;1;1;1;n;true;true;true;true;true;true;true;true;true;true;true;true;true;true;true;true;true;true;true;true;2232;2954;3552;3553;3219;6801;7905;7186;5121;3765;9456;7870;9072;17469;19239;69217;11403;22169;29923;25206;3;1;1;4;3;1;4;4;4;5;5;3;4;2;1;1;1;2;1;1;1;2;1;7;1;1;1;1;1;1
69;male;20;Computer Science B.Sc.
70;male;21;Computer Science B.Sc.
71;male;21;Computer Science B.Sc.;pblan;true;true;true;true;true;true;true;true;true;true;true;true;false;true;true;true;false;true;false;true;11665;2174;5383;4300;3550;7168;10570;11207;4238;4930;8206;3824;5332;15086;20069;21376;4977;16853;22456;20163;3;1;1;3;3;1;4;4;3;3;3;3;2;3;6;5;2;2;4;5;2;3;5;5;1;3;5;3;1;2;pbla;true;true;true;true;true;true;false;true;true;true;true;true;false;false;true;true;true;true;true;true;13398;3004;2338;2805;3771;8547;4907;16293;5394;6371;4189;8057;23525;40277;9899;13725;18591;12639;26196;11953;2;2;2;2;2;1;3;3;3;3;3;3;3;3;6;2;2;3;5;4;2;3;5;6;1;3;4;2;1;2;n;true;true;true;true;true;true;true;true;true;true;true;true;true;true;true;true;true;true;true;false;6932;4787;7903;2884;3653;5020;4039;3470;5651;4903;5504;14976;13072;12239;10910;14506;15386;19609;37363;10420;3;2;2;3;3;1;4;3;4;3;3;3;3;3;6;3;2;3;5;4;2;3;5;6;2;3;5;2;2;3
72;male;21;Information Systems B.Sc.;p;true;true;true;true;true;true;true;true;false;true;true;true;true;true;true;true;true;false;true;true;7176;5415;5360;3896;3463;8916;7066;15006;4838;14356;5353;6282;8470;33969;22486;25961;15933;38658;44086;19837;3;2;1;4;4;2;4;3;5;5;5;5;3;4;3;2;3;5;6;5;4;4;5;4;1;4;5;1;1;1;l;true;true;true;true;true;true;true;true;true;true;true;true;true;true;true;false;true;true;true;false;9347;3555;4288;4671;3677;10940;4371;9550;6115;5038;4085;7155;13874;13877;36098;22157;8907;14560;18960;23078;3;2;1;4;4;1;4;4;4;5;4;5;4;5;5;4;1;5;5;5;1;3;5;4;1;3;5;1;1;5;a;true;true;true;true;true;true;true;true;true;true;false;true;true;false;true;true;true;false;true;false;4414;2771;5605;2265;3739;4905;5020;4302;3287;5604;7553;22311;8946;17076;7822;15286;6805;27381;13170;39981;3;2;2;4;3;1;4;4;4;4;5;5;5;5;5;3;1;4;5;5;1;2;5;4;1;3;5;1;1;5
73;male;27;Software Engineering M.Sc.;n;true;true;true;true;true;false;true;true;true;true;true;true;true;true;false;true;true;true;false;true;9436;7055;4122;4169;5696;17822;21777;18203;10658;6934;11407;6396;17601;31516;15022;28786;11367;77740;139741;21072;3;2;1;4;3;1;4;4;4;3;4;4;4;3;6;6;1;2;6;6;1;1;6;7;1;1;5;4;1;1;pbla;true;true;true;true;true;true;true;true;true;true;true;true;false;true;true;true;true;false;true;true;16501;11563;11588;7284;10033;48500;6063;25595;5632;8155;7689;7921;25039;20726;21984;16031;10552;46600;41654;25473;4;1;1;4;4;1;5;5;5;4;4;5;5;5;6;6;1;1;7;6;1;1;6;7;1;1;7;5;1;1;l;true;true;true;true;true;true;true;true;true;true;true;true;true;false;true;true;true;false;true;true;11115;2400;4920;2317;4587;15136;12773;14089;3517;4097;8804;38888;26354;20109;14515;25259;5114;33646;16467;14722;4;1;2;4;3;1;4;5;4;4;4;3;4;4;6;5;1;1;6;6;1;1;6;7;1;1;6;5;1;1
74;female;25;Aerospace Engineering B.Sc.;pbla;true;true;true;true;true;true;true;false;true;true;true;true;true;true;true;true;true;true;true;true;15289;4377;4914;4662;4096;7767;4822;2810;11173;10629;4896;3677;8799;17586;29637;15179;21251;24099;24861;41853;4;3;1;2;4;1;3;2;4;4;4;3;2;3;6;2;4;1;6;4;5;2;6;6;1;2;6;4;3;5;;true;true;true;true;true;true;true;true;true;true;true;true;false;true;true;false;true;true;true;true;4093;4606;4005;5129;3463;6847;3111;5273;4264;6013;3828;8983;21313;10730;11714;10215;20885;16575;18898;22685;3;3;2;3;3;2;3;2;4;3;4;2;2;3;5;3;2;1;5;4;2;3;5;6;1;3;5;3;2;4;pblan;true;true;true;true;true;true;true;true;true;true;true;false;true;true;true;true;true;true;true;true;3375;2543;3962;2713;3361;4195;6475;4842;3458;3026;5143;15577;13880;8486;8247;14891;6506;14230;22020;15622;4;2;1;4;4;1;4;3;3;4;4;2;2;3;5;1;2;1;4;3;1;3;5;7;1;3;5;3;1;4
75;male;25;Aerospace Engineering B.Sc.;a;true;false;true;true;true;true;true;true;true;true;true;true;true;true;true;false;true;true;true;true;8817;4531;6440;15067;2510;3910;5320;6896;2214;2982;5865;2998;13621;26509;11587;25717;10784;21739;19767;20925;3;2;1;4;4;2;4;4;4;5;4;4;4;3;3;3;1;1;2;1;1;3;3;5;1;3;2;2;1;3;p;true;true;true;true;true;true;true;true;true;true;true;true;true;true;true;false;true;false;true;false;6906;3814;7184;4067;2892;6903;2518;3302;3651;3569;3084;6804;17922;11180;8981;7951;9003;11516;10969;1991;4;1;1;4;3;1;4;4;4;5;4;4;4;4;3;3;1;1;1;1;1;1;1;5;1;1;1;1;1;1;l;true;true;true;true;true;true;true;true;true;true;true;true;true;true;true;false;true;true;true;true;6084;2403;7604;2851;2814;4666;4464;5171;2819;2461;7004;14622;7182;11600;6280;5404;8422;7917;9036;17760;4;1;1;4;4;1;5;5;5;5;5;5;5;5;3;3;1;1;1;1;1;1;1;3;1;1;1;1;1;1
76;male;24;Aerospace Engineering B.Sc.;a;true;true;true;true;true;true;true;true;true;true;true;true;true;true;true;true;false;false;false;true;11394;6828;8568;4849;4216;6000;3744;9731;4415;5580;6513;3898;17384;51595;29620;34694;42204;31456;18816;29839;2;3;2;2;2;1;3;4;4;3;4;3;3;3;1;3;1;2;1;3;1;4;1;5;1;1;1;1;1;2;pbla;true;true;true;true;true;true;true;true;true;true;true;true;true;true;true;true;true;false;true;true;14270;4876;3047;3098;3658;9685;14385;9177;4982;6251;9269;8080;23068;18789;12749;52742;22933;42435;18448;15868;2;3;1;2;3;1;4;4;4;4;4;3;3;3;3;3;1;2;1;1;1;3;1;5;1;2;1;1;1;2;p;true;true;true;true;true;true;true;true;true;true;true;false;true;true;true;false;true;false;true;true;6760;4944;3997;2767;5445;8964;3574;4509;2814;2966;7465;6443;21023;30673;8369;22704;13442;27857;49324;6630;1;1;2;1;1;2;3;4;4;4;4;3;3;3;2;1;1;2;1;1;1;3;1;6;1;2;1;1;1;2
77;male;19;Computer Science B.Sc.;n;true;true;true;true;true;true;true;true;true;true;true;true;true;true;true;true;true;false;false;true;12244;4394;8067;4930;4802;8720;5875;9426;2861;6396;5816;5114;9248;31440;33017;12400;20201;26635;59628;25753;3;2;1;3;3;1;3;4;4;5;5;3;3;4;4;2;2;2;1;1;1;1;3;6;1;4;2;1;1;1;b;true;true;true;true;true;true;true;true;true;true;true;true;true;true;true;true;true;false;true;true;8224;3980;3780;3679;6047;5244;4478;9432;2714;3865;5658;3460;13763;14233;19082;10713;15127;27243;24343;26518;3;2;1;2;3;1;3;4;4;5;4;3;3;4;3;1;1;3;2;1;1;2;2;6;1;3;2;1;1;1;pbla;true;true;true;true;true;true;true;true;true;true;true;true;true;true;true;true;true;true;true;true;12636;2097;8451;2375;2912;4949;6100;4912;2480;2646;7076;25164;10113;9977;9950;7760;6145;7162;13999;8129;3;2;1;2;3;1;3;4;4;4;4;3;3;4;3;1;1;2;2;1;1;1;2;6;1;3;2;1;1;1
78;male;20;Computer Science B.Sc.;a;true;true;true;true;true;true;true;false;true;true;true;true;true;false;false;true;true;false;true;false;3009;9150;2130;1965;1965;2598;7832;3116;4416;4685;6019;5436;9951;8086;10472;13855;14115;14602;23141;7034;3;3;2;4;4;1;4;3;4;4;4;3;3;4;1;7;1;1;4;5;1;2;5;7;2;2;3;6;1;3;;true;true;true;true;true;true;true;true;true;true;false;false;false;false;true;false;true;false;false;true;4101;2234;3754;2584;2789;5857;2386;5873;3348;3889;2555;3051;9225;8154;12267;8806;5773;6718;12704;2004;3;3;3;3;2;1;4;4;5;4;4;3;3;3;1;7;1;1;5;4;1;2;4;7;1;3;3;2;1;1;n;true;true;true;true;true;true;true;true;true;true;true;true;true;false;true;true;true;false;false;true;2000;2736;4250;5106;6273;6901;4808;8707;3773;5867;8836;9626;10869;19160;10305;12793;6957;21807;20594;4026;4;3;1;4;4;1;4;4;4;4;4;4;3;3;3;3;1;2;4;3;1;1;4;7;1;4;4;2;1;1
79;male;25;Software Engineering;p;true;true;true;true;true;true;false;true;true;true;true;true;true;true;false;false;true;true;true;true;9350;6215;6283;4313;3282;5965;5516;11185;6232;4966;9611;5516;7132;11685;37810;10668;23872;33408;35659;38693;3;2;2;3;3;1;5;5;5;5;5;5;5;5;4;1;1;1;3;1;1;3;4;6;1;3;1;1;1;2;n;true;true;true;true;true;true;true;true;true;true;true;true;true;true;true;true;true;false;false;true;7462;4651;11001;7900;4465;18355;5599;14634;7752;6098;11299;13187;51098;19652;22506;63601;17678;22923;28757;39760;3;1;2;3;3;2;5;5;5;5;5;5;5;5;4;1;1;1;3;1;1;1;3;6;1;4;2;1;1;2;b;true;true;true;true;true;true;true;true;true;true;true;true;false;true;true;true;true;true;true;true;10722;8916;6466;3983;3698;15969;8349;8382;4748;3716;17252;38593;12835;63337;14134;25855;10299;31807;50463;17518;1;3;1;2;3;1;5;5;5;5;5;5;5;5;4;1;1;1;4;1;1;1;4;1;1;5;2;1;1;1
80;male;25;Computer Science B.Sc.;l;true;true;true;true;true;true;true;true;true;true;true;true;true;true;false;true;true;true;false;false;8292;2523;4283;2335;3562;7328;9874;6291;2690;3804;5111;2939;13258;31364;15593;22612;26982;13057;38378;24172;3;2;1;3;3;2;4;3;3;3;3;4;4;4;4;1;1;4;4;3;1;5;5;7;1;4;1;1;1;4;b;true;true;true;true;true;true;true;true;true;true;false;true;false;true;true;true;false;true;true;true;5217;2509;2994;2853;2754;14268;4281;4008;2591;7724;4858;4277;27240;4669;7684;33877;5663;10442;11562;18315;3;2;1;3;3;2;3;3;4;4;4;4;4;4;5;1;5;3;5;4;4;4;5;7;2;3;5;4;4;4;pblan;true;true;true;true;true;true;true;true;true;true;true;true;true;false;true;true;true;true;false;false;6082;1981;3302;1831;3115;8935;5085;2667;2129;2854;7323;10278;9611;28992;6524;18372;7858;22347;20880;13560;3;2;1;3;3;1;3;4;4;4;4;4;4;4;5;4;4;3;5;5;4;4;5;6;4;4;4;4;3;3
81;female;21;Computer Science B.Sc.;pblan;true;true;true;true;true;true;true;true;true;true;true;true;false;false;false;true;true;true;false;false;15833;4931;7914;5582;6331;12317;9532;12469;4697;8416;9833;12717;13318;18203;8116;17304;25472;18936;23138;9432;3;2;1;3;3;1;4;4;4;3;4;3;4;2;5;6;3;3;5;4;4;5;4;6;1;1;4;3;3;4;l;true;true;true;true;true;true;true;true;true;true;true;true;false;false;false;true;true;true;true;true;5140;2195;4548;3349;4480;9750;5432;4097;4431;5182;7816;7068;7716;8299;10384;6300;8466;5950;9883;8533;3;2;1;3;3;1;4;4;4;4;3;3;4;3;5;5;4;4;5;4;3;4;5;6;1;3;4;4;2;2;;true;true;true;true;true;true;true;true;true;true;true;false;false;false;true;false;false;false;false;false;4545;1979;4115;2848;3699;10951;3614;6466;3631;5199;14319;12469;3130;3848;6333;9601;3916;4499;5882;865;2;3;2;3;3;1;4;4;3;3;4;4;3;4;6;5;4;6;4;5;5;4;5;5;6;1;5;4;3;4
82;male;23;Computer Science B.Sc.;l;true;true;true;true;true;true;true;true;false;true;true;true;true;true;false;true;false;true;false;true;23745;5432;6632;3766;6766;6916;8466;9550;10834;9917;9650;7650;10552;16102;21721;10132;26239;9000;13235;9631;2;1;1;3;2;1;4;4;4;5;4;5;3;3;4;4;2;2;4;3;2;4;4;3;1;4;4;4;2;2;pblan;true;true;true;true;true;true;true;true;true;true;true;true;false;false;true;false;true;false;false;true;11051;6798;3499;9083;3147;7267;3614;6616;3450;7700;7318;8651;14534;12550;11401;13167;13334;15870;9466;11149;2;1;1;2;2;1;4;4;4;5;4;4;3;3;3;3;2;4;3;3;2;1;3;4;1;2;4;4;2;3;a;true;true;true;true;true;false;true;true;true;true;false;true;true;false;true;false;false;false;true;true;8964;3098;5217;3195;3331;5164;5515;6850;3399;5015;7215;11184;9833;18069;10116;12934;12085;8015;25255;5698;2;2;1;2;2;1;4;4;4;4;5;4;3;3;2;2;1;2;3;3;2;4;3;2;3;3;4;2;2;2
83;female;21;Computer Science B.Sc.;p;true;true;true;false;true;true;true;true;false;true;true;true;false;true;false;false;false;true;false;true;8658;3181;3065;2314;4049;4062;3815;6066;2675;4616;4815;3441;5866;17117;9533;8117;25121;12602;20403;16619;3;2;2;4;3;1;4;3;4;4;4;4;3;4;7;4;2;4;5;6;1;1;6;7;1;2;3;1;1;1;b;true;true;true;true;true;true;true;true;true;false;false;true;true;false;true;true;false;false;true;true;4136;4936;2997;3148;8750;6865;3398;10118;3297;3831;4131;8150;18119;11785;15917;20785;12168;7483;15234;50278;2;2;1;2;3;1;4;4;4;3;3;3;2;4;6;2;2;2;5;5;1;1;5;7;1;1;2;2;1;1;;true;true;true;true;true;true;true;true;true;true;true;false;true;true;true;false;true;false;false;true;3011;2315;7100;2681;2748;6733;11282;6232;2698;2798;6816;3280;9150;13467;8217;36741;9301;18151;10316;23538;2;2;2;2;2;1;4;3;3;3;3;3;2;4;5;2;1;2;5;5;1;1;5;7;1;1;4;1;1;2
84;male;24;Computer Science B.Sc.;pbla;true;true;true;true;true;true;true;true;true;true;true;true;true;true;true;true;true;true;true;true;10135;4045;5915;3881;6283;8683;10066;13584;6532;6433;12729;5597;24555;155544;24154;18069;29339;52696;51529;114116;1;3;1;1;4;2;2;3;4;4;3;2;2;2;1;1;7;4;3;1;7;1;3;7;7;7;3;1;7;1;n;true;true;true;true;true;true;true;true;true;true;true;true;true;true;true;true;true;true;true;true;4911;5314;5000;6032;3932;10852;9132;15151;5884;10385;14602;7301;14767;24071;22056;33324;21253;11972;19218;85373;1;4;1;1;3;2;3;3;4;4;3;2;2;1;1;1;7;7;1;1;7;3;1;7;7;7;1;1;7;3;pblan;true;true;true;true;true;true;true;true;true;true;true;true;true;true;true;true;true;false;true;true;15402;4947;5581;5500;5682;10269;8285;15711;2447;4500;9567;44960;35260;17219;12283;47248;16703;44109;20622;33357;2;3;1;1;2;2;4;3;3;4;3;2;2;1;1;1;7;7;1;1;7;6;1;7;7;7;1;1;7;2
85;male;23;Software Engineering M.Sc.;;true;true;true;true;true;true;true;true;true;true;true;true;true;true;true;false;true;true;true;true;9828;7433;7016;8447;7967;10851;7532;18637;9751;9718;17337;13112;20953;63384;42244;26639;119334;56865;49212;62050;2;1;1;2;1;1;5;4;4;2;4;3;4;3;1;1;1;1;1;1;1;1;1;4;1;1;1;1;1;1;pbla;true;true;true;true;true;true;true;true;true;true;true;true;true;true;true;true;true;false;true;true;16320;12633;8132;16952;5332;20704;11300;22770;7132;9168;9767;19320;58598;35793;31656;31324;31523;27358;53646;24103;2;1;1;2;1;1;5;4;4;2;4;4;4;3;1;1;1;1;1;1;1;1;1;4;1;1;1;1;1;1;a;true;true;true;true;true;true;true;true;true;true;true;true;true;true;true;true;true;true;true;true;10049;3346;6265;3464;7647;15769;24488;8133;5849;16019;13183;55014;19803;26820;16069;23054;33256;45461;54447;25720;2;1;1;2;1;1;5;4;4;2;4;3;4;3;1;1;1;1;1;1;1;1;1;4;1;1;1;1;1;1
86;male;22;Software Engineering M.Sc.;n;true;true;true;true;true;true;true;true;true;true;true;true;true;true;false;true;true;false;false;true;4741;3846;4064;3365;9501;6881;7350;12551;4714;8000;4429;3415;6632;27206;9900;11250;18620;7049;13736;25973;4;1;1;4;4;1;4;4;4;4;4;4;4;4;2;1;6;5;4;2;6;5;4;3;6;5;3;2;6;5;b;true;true;true;true;true;true;true;true;true;true;false;true;true;true;false;false;false;false;false;false;4151;3914;5298;3415;5716;11617;2681;6448;3698;4782;3564;4666;12083;9583;13318;19985;7899;7166;16769;43177;3;2;2;3;3;1;4;4;4;4;4;4;4;4;5;2;6;4;3;2;6;4;3;2;6;4;2;4;6;4;;true;true;true;true;true;true;true;true;true;true;true;false;true;false;true;true;true;true;true;true;2496;1813;6046;2280;1714;7448;4931;4915;2531;2630;4632;9567;6132;16919;9149;14684;7165;16769;22504;7882;4;1;1;4;4;1;4;4;4;4;4;4;4;4;3;2;6;4;3;3;6;4;3;2;6;3;2;3;6;4
87;male;21;Computer Science B.Sc.;p;true;true;true;true;true;true;true;true;true;true;true;true;true;false;true;true;true;true;false;false;5185;4109;3622;5248;4110;7612;4980;18591;3184;5584;8851;5454;11832;39735;38653;10622;10876;16177;27851;23325;3;2;1;3;3;1;4;4;4;4;4;4;3;4;6;3;1;1;6;6;1;1;7;7;1;1;7;3;2;1;l;true;true;true;true;true;true;true;true;true;true;true;true;false;true;false;true;true;true;true;true;4667;2178;4020;3802;2902;5004;5683;8908;2856;4035;13796;6060;9866;13801;23615;17770;16508;10474;14980;11005;3;2;1;3;4;1;4;4;4;4;4;4;3;4;6;2;1;1;6;3;1;1;7;6;1;1;7;2;1;1;n;true;true;true;true;true;true;true;true;true;true;false;true;true;false;true;true;true;false;true;true;4671;3193;3907;3402;4075;7282;8974;5407;3099;3487;6385;7135;10069;19250;6642;15171;10717;20607;18939;8142;3;1;1;4;3;1;4;4;4;4;4;4;3;4;7;3;1;1;7;3;1;1;7;6;1;1;7;4;1;1
88;female;22;Mathematics Teaching Degree;a;true;true;true;true;true;true;true;true;true;true;true;true;false;false;true;false;false;false;true;true;12867;2851;3506;2765;3307;5620;6391;5677;2802;3979;5264;3689;8325;38825;35609;9591;42931;42112;55501;11180;2;1;1;2;3;1;5;5;4;4;4;4;4;4;4;4;3;4;4;4;2;1;4;7;1;1;2;2;1;1;p;true;true;true;true;true;true;true;true;false;true;true;true;true;false;true;false;false;false;true;false;8015;5052;2472;2939;2331;15603;2693;5817;2716;4412;5852;3740;6996;8288;7218;16605;8893;10403;20806;18800;2;2;1;2;2;1;5;5;5;4;4;4;4;4;4;4;1;3;2;2;1;3;2;6;1;3;2;2;1;1;pbla;true;true;true;true;true;true;true;true;true;true;true;true;true;true;false;true;true;true;true;true;6622;2663;4078;2263;3348;5388;3797;14202;2978;2991;6835;13153;9231;18270;4515;10173;21060;19553;24187;13633;2;1;1;2;3;1;5;4;4;4;5;4;4;4;4;2;1;2;3;2;1;2;3;6;1;2;3;2;1;2
89;male;25;Software Engineering B.Sc.;pblan;true;true;true;true;true;true;true;true;true;true;true;true;true;true;true;true;true;true;true;true;20691;2876;4904;3047;3830;11039;6192;26232;3924;3966;28203;3822;50588;30954;20211;24284;36405;57306;18008;17818;4;1;2;4;4;1;5;5;4;5;5;4;3;4;5;6;1;2;5;4;1;2;7;6;1;4;6;5;1;1;b;true;true;false;true;true;true;true;true;true;true;true;true;false;true;true;false;true;true;true;true;6773;3645;2618;11550;2564;10876;4832;14235;2381;4760;3611;5192;30022;11195;9129;25872;10843;7932;18833;39706;3;2;2;4;4;1;5;5;5;5;4;4;4;4;6;5;1;1;1;1;1;1;6;5;1;1;5;1;1;1;l;true;true;true;true;true;true;true;true;true;true;true;true;true;true;true;true;true;true;true;true;10443;1845;3815;2629;3148;8867;8179;7166;3878;3113;13212;8745;12365;8933;10213;45561;12345;32524;22166;11812;4;2;1;4;4;1;5;5;5;5;5;4;4;4;5;5;1;1;6;4;1;1;7;5;1;1;5;4;1;1
90;male;21;Computer Science B.Sc.;b;true;true;true;true;true;true;false;false;true;true;false;true;true;true;false;true;true;false;false;true;11606;2961;3232;2081;3317;4576;2592;9297;5724;3640;10880;4064;11483;24703;10592;22292;8589;54781;19690;21135;2;3;3;2;1;1;4;4;4;2;3;4;3;2;6;2;5;2;4;2;1;1;6;4;1;3;6;3;1;1;p;true;true;true;true;true;true;true;true;true;true;true;true;true;true;true;false;true;true;true;true;8216;3027;5362;4163;3180;6081;2815;5662;2896;5747;7430;7333;13048;19903;12698;11580;9830;13151;30036;6346;3;1;1;3;4;1;4;4;4;3;4;3;3;3;6;5;5;1;5;3;1;3;7;5;1;2;5;2;1;1;pbla;true;true;true;true;true;true;true;true;true;true;true;true;true;false;false;true;true;true;true;false;8919;2015;4498;1925;3432;5034;5847;5566;3731;5747;8886;10884;7048;11877;14770;33374;12478;16467;20299;15736;3;3;1;3;4;1;4;4;4;4;4;3;4;3;7;2;4;1;5;3;1;1;7;3;1;2;7;3;1;1
91;female;18;Natural Language Processing B.Sc.;n;true;true;true;true;true;true;true;true;true;true;true;true;true;false;true;true;true;false;false;true;9377;25642;3103;11921;3573;52287;5590;7903;2688;3069;5807;2589;10691;8085;12020;19802;7369;14814;8674;23238;3;2;1;3;2;2;4;4;4;4;4;4;2;4;6;4;1;1;5;5;1;4;5;7;1;1;5;3;1;1;;true;true;true;true;true;true;true;true;false;true;true;true;true;true;true;false;true;true;false;true;3195;2890;3552;1957;3019;4952;3605;4651;3354;5139;24693;6675;19524;36259;12461;16417;5146;10517;6890;21709;3;2;1;3;2;2;4;4;4;4;4;4;2;4;6;5;1;1;5;4;1;1;5;7;1;1;5;3;1;1;a;true;true;true;true;true;true;true;true;true;true;true;true;true;false;true;true;false;true;true;true;2387;2258;5036;1905;2552;5106;3817;2538;2356;2973;6671;8799;5956;20509;6356;37783;3003;31429;9539;6272;4;2;1;4;4;2;5;4;4;4;4;4;1;4;6;5;1;1;6;5;1;1;5;7;1;1;5;4;1;1
92;female;21;Computer Science B.Sc.;pbla;true;true;true;true;true;true;true;true;true;true;true;true;true;true;true;true;true;true;true;true;8234;3611;3280;15953;3574;13892;3610;9881;2214;2832;5292;2249;6463;22254;16295;7661;5247;30190;51972;17451;3;2;1;4;4;1;3;4;4;4;4;3;4;4;5;3;3;3;2;2;1;3;5;4;1;2;3;2;1;2;p;true;true;true;true;true;true;true;true;true;true;true;true;true;true;true;true;true;false;true;true;3909;3014;3063;2347;2681;5266;2845;4066;2347;2615;3812;3515;11151;6694;11078;9033;3945;9495;13550;9333;3;1;1;4;3;1;3;4;4;4;4;3;4;4;3;2;2;3;4;2;1;2;4;4;1;1;2;1;1;1;a;true;true;true;true;true;true;true;true;true;true;true;true;true;true;true;true;true;true;false;true;7092;1926;3481;1516;2815;4700;2963;6367;2766;6100;2998;11433;13648;8279;4414;7400;4333;27759;26692;17600;3;1;1;4;3;1;3;4;4;4;4;3;4;4;3;2;2;1;3;3;1;1;4;5;1;1;2;1;1;1
93;female;19;Media Computer Science B.Sc.;n;true;true;true;true;true;true;true;true;true;true;false;true;true;false;false;false;true;false;false;false;7489;5678;6020;2400;22694;5595;15923;6797;2967;8220;4118;8989;21386;36114;35887;77653;41304;27472;73238;117559;2;2;2;2;3;1;5;4;4;4;4;4;4;4;5;4;2;3;3;3;3;3;4;4;5;5;4;3;3;5;a;true;true;true;true;true;false;true;true;true;true;true;true;true;true;true;true;true;true;true;false;8346;2459;1999;2530;5066;2831;10440;8080;4096;5732;2945;11381;20741;15316;48998;35490;26101;17178;11196;4032;3;2;3;4;3;1;4;4;3;4;4;4;4;4;4;3;3;5;4;4;4;4;5;4;2;5;3;4;3;4;pblan;true;true;true;true;true;true;true;true;true;true;false;true;true;false;false;true;true;false;false;true;6718;1954;7282;3132;2793;5303;5944;5642;2587;3590;3900;19004;7529;16652;376;10028;9297;10400;12015;14072;2;1;1;2;3;1;4;4;4;4;4;4;4;4;4;5;4;4;4;5;3;3;4;4;2;4;4;3;3;4
94;male;27;Renewable Energy Engineering B.Sc.;n;true;true;true;true;true;true;true;true;true;true;true;true;true;true;true;false;true;false;true;true;10255;5094;4864;5099;4044;7212;5816;8598;3199;3629;7789;5060;12097;28535;22537;14418;37773;31023;15065;25970;3;1;1;3;3;1;4;4;4;4;5;5;4;4;3;4;6;7;2;5;6;6;5;2;5;5;5;2;6;5;;true;true;true;true;true;true;true;true;true;true;true;true;false;true;true;true;true;true;true;true;7751;2777;3330;3030;2648;17236;5846;6014;3502;4681;6447;6027;21720;11828;8529;19534;7051;66131;14033;20419;3;1;1;2;3;1;4;4;4;4;5;4;4;4;3;2;6;6;3;2;6;6;4;2;5;5;4;2;6;4;pblan;true;true;true;true;true;true;true;true;true;true;true;true;true;true;true;false;true;true;true;true;9439;2713;4543;1979;3662;12746;4613;4145;3747;5665;10663;17184;9941;21118;13093;18755;14410;22485;25919;8627;4;1;1;3;4;1;4;4;4;4;4;5;4;4;3;2;6;6;4;3;5;6;4;2;5;5;5;3;6;6
95;male;20;Computer Science B.Sc.;pbla;true;true;true;true;true;true;true;true;true;true;true;true;true;false;true;true;true;true;false;true;7263;3154;6589;2761;3961;5640;3911;6983;3182;3994;6067;4451;7433;18721;26381;18619;35089;42338;61416;31669;4;2;2;4;4;1;4;4;5;5;5;3;3;4;6;1;4;1;6;3;4;1;6;7;1;5;3;1;5;4;;true;true;true;true;true;true;true;true;true;true;false;true;true;true;true;false;true;true;true;true;7281;1829;4111;2246;2881;4330;2932;2730;2430;3846;2165;5888;22255;9812;15552;13949;9499;10266;11846;11700;4;2;1;4;4;1;4;4;4;4;4;3;3;4;6;1;4;3;5;1;4;2;6;7;1;4;5;1;4;2;l;true;true;true;true;true;true;true;true;true;true;true;true;true;true;true;true;true;true;false;true;4461;2199;6199;2465;2749;3998;4695;3477;2697;2576;9167;15450;8862;12534;7465;10179;7534;19225;19446;11919;4;2;2;4;4;1;4;4;5;4;4;3;3;4;6;1;5;2;6;1;4;1;6;7;1;5;4;1;2;2
96;female;26;Real Estate Engineering and Management M.Sc.;p;true;true;true;true;true;true;true;true;true;true;false;true;true;false;false;false;false;true;false;true;20832;3714;4482;3599;5349;5565;5533;8584;3831;2364;3116;4782;14702;32624;19821;20470;56932;34491;7833;53965;3;2;1;3;3;1;4;3;3;4;4;4;3;4;5;6;3;3;3;2;1;3;4;7;1;3;2;2;1;2;b;true;true;true;true;true;true;true;true;true;true;true;true;false;false;true;false;true;true;true;true;2252;2831;5640;2230;5682;9383;4781;6232;2564;3898;4482;5764;26572;9417;12432;18619;11218;11850;31240;48295;3;2;1;2;3;1;4;4;3;4;3;4;3;4;5;2;2;2;1;2;1;4;3;7;1;2;3;1;1;2;l;true;true;true;true;true;true;true;true;true;true;true;true;true;false;true;false;false;true;true;true;3776;3097;2548;2664;2998;3531;3042;2815;2681;4533;7565;16086;6732;8517;5934;29173;30339;16401;19553;23138;2;1;1;2;3;1;4;4;4;4;4;4;4;4;2;1;1;3;2;2;1;2;4;7;1;1;4;2;1;2
97;male;26;Civil Engineering M.Sc.;l;true;true;true;true;true;true;true;true;true;true;true;true;true;true;true;true;true;true;false;true;6400;4426;8332;3232;2963;8267;6299;9451;4466;4898;6099;2915;9851;13352;13718;27441;8867;16302;54665;18537;2;3;2;1;3;2;4;4;4;4;3;3;4;4;2;2;5;2;2;4;3;5;2;5;1;5;3;2;2;5;b;true;true;true;true;true;true;true;true;true;true;true;true;false;true;true;true;true;true;true;true;9376;4228;6699;2564;5782;11284;3465;22521;2281;7949;5665;7082;37559;20004;11785;65803;7200;19937;20038;23422;2;3;1;1;3;1;4;4;4;4;3;4;3;4;2;2;6;3;2;4;2;5;3;5;2;3;3;4;2;4;pblan;true;true;true;true;true;true;true;true;true;true;true;true;true;false;true;true;true;true;true;false;6332;2561;11100;6234;2265;5014;3467;17535;3181;3500;4415;7315;14104;47014;10800;16438;13952;43662;25275;17037;2;3;1;2;3;1;4;4;4;4;3;4;3;4;4;3;5;3;2;5;3;3;4;5;2;5;5;3;2;4
98;male;24;Real Estate Engineering and Management M.Sc.;p;true;true;true;true;true;true;true;false;true;true;true;true;true;false;true;true;false;false;true;true;6689;5315;7199;7716;4615;2648;6316;3382;6798;6832;12953;3328;12051;28474;8948;17553;56601;28022;61818;44579;3;1;1;3;3;2;4;4;4;4;4;4;4;4;5;4;1;1;4;5;1;2;4;7;1;1;3;2;1;1;pblan;true;true;true;true;true;true;true;true;true;true;false;true;false;false;true;true;true;true;true;true;9299;5681;4684;2631;6398;12200;3616;8547;3033;7401;3115;10004;17972;20637;12804;21904;9816;25340;20219;8266;3;1;1;3;3;2;4;3;4;4;4;4;4;4;4;3;1;2;3;3;1;2;4;7;1;2;4;2;1;1;;true;true;true;true;true;true;true;true;true;true;true;true;true;false;true;true;true;false;false;false;1794;2032;5733;2298;3566;4082;4715;3232;2346;4331;5566;12116;8200;12635;11984;51931;10084;9083;33042;8902;3;2;1;2;3;2;4;3;4;4;4;4;4;4;2;1;1;2;2;2;1;3;3;7;1;2;5;2;1;3
99;female;23;Soziale Arbeit;l;true;true;true;true;true;true;true;true;true;true;false;true;true;false;true;false;true;true;false;false;17764;4164;2950;3280;9150;5848;3799;7883;4365;3582;4932;4132;8933;12918;25055;22604;10233;7382;8499;12602;3;1;1;2;3;1;4;4;4;4;4;3;3;4;5;1;1;3;3;4;1;3;5;7;1;1;5;1;3;1;b;true;true;true;true;true;true;true;true;true;true;true;true;false;false;true;true;true;false;false;false;3141;5199;3230;3165;2630;4581;6316;5132;3331;3848;3148;3848;4349;10416;9949;15286;4380;9816;21904;15468;2;1;2;3;2;1;4;4;4;4;4;4;4;4;3;1;1;2;4;2;1;2;3;7;1;1;3;1;1;3;pbla;true;false;true;true;true;true;true;true;true;true;true;true;true;true;true;true;true;true;false;true;6467;1697;6282;6733;2898;7031;5315;3381;2580;3014;2314;14635;4601;6532;5448;11683;4631;7732;6832;1647;4;1;1;4;3;1;4;5;4;4;5;4;4;4;4;1;1;1;4;3;1;1;4;7;1;1;4;1;1;3
100;female;25;Social Work;a;true;true;true;true;true;true;true;false;true;true;false;true;false;false;false;true;false;true;true;false;9274;6948;8600;4065;6148;6450;7299;3865;5033;6115;4498;9017;13601;13719;8101;12868;9383;14869;18003;12300;4;1;1;4;2;1;4;4;3;4;4;4;3;4;5;4;5;1;3;3;3;3;5;6;1;1;5;3;1;1;pbla;true;false;true;true;true;true;true;false;true;true;true;true;false;false;false;true;false;false;true;true;4666;3981;5781;2748;4515;7882;2546;2981;3514;4448;4147;5834;4632;8901;8248;8732;5665;3948;4365;5298;4;1;1;4;4;1;4;4;3;4;4;4;3;4;5;3;2;4;4;4;1;2;5;6;1;2;3;2;1;1
101;female;26;Soziale Arbeit;n;true;true;true;true;true;true;true;true;true;true;true;true;true;false;true;false;true;false;true;true;10616;3383;4548;4532;3333;5501;6133;7984;2615;3899;5784;5967;12951;14753;26858;15252;17853;11069;35276;12818;2;2;1;2;3;2;4;4;4;4;4;4;3;3;5;5;3;1;4;6;3;4;5;5;1;1;5;5;1;1;;true;true;true;true;true;true;true;true;false;true;true;true;false;true;true;false;true;false;false;true;2512;2101;3332;2549;3981;8633;4584;3899;8467;4300;4450;5682;9350;6282;17636;7117;6549;12451;7900;14836;3;2;2;3;3;3;4;4;4;4;4;4;3;3;4;4;4;2;5;4;1;1;5;5;1;1;5;5;1;1
